,created_at,token_list
0,18-04-2018 22:04:46,"['independente', 'circunst√¢ncias', ',', 'estarei', 'disposi√ß√£o', 'pa√≠s', '.', 'https://t.co/akzoqottfa']"
1,18-04-2018 16:58:38,"['""', 'manter', 'brasil', 'economia', 'caminhando', 'dire√ß√£o', 'correta', '.', 'm√°gico', ',', 'vamos', 'retomar', 'reforma', 'previd√™ncia', ',', 'acelerar', 'programas', 'infraestrutura', 'lan√ßar', 'reforma', 'tribut√°ria', '.', '""', '-', '@infomoney', 'https://t.co/p7dqit7yes']"
2,17-04-2018 22:11:24,"['visitar', '@tecnoshowcomigo', 'conversar', 'produtores', 'rurais', '.', 'setor', 'agroneg√≥cio', 'produtivo', ',', 'unido', ',', 'inovador', 'representa', 'brasil', 'melhor', '.', 'soube', 'feira', ',', 'ano', ',', 'cresceu', '47', '%', 'volume', 'neg√≥cios', '.', '√≥timo', 'sinal', 'economia', '.', 'https://t.co/izzo6hbapk']"
3,17-04-2018 17:07:02,['https://t.co/sgrusez20r']
4,17-04-2018 13:27:46,"['debate', 'pol√≠tico', 'contaminado', 'posi√ß√µes', 'extremas', 'alimenta', 'polariza√ß√£o', '.', 'pa√≠s', ',', 'ruim', 'deixa', 'plano', 'essencial', ':', 'problemas', 'reais', 'pessoas', 'precisa', 'feito', 'solucion√°-los', '.', 'https://t.co/foe6djhgmd']"
5,16-04-2018 20:00:51,"['populistas', ':', 'preciso', 'reformar', 'previd√™ncia', 'realidade', ':', 'pa√≠s', 'quebra', ',', 'm√©dio', 'prazo', ',', 'reforma', 'feita', 'populistas', ':', 'preciso', 'reduzir', 'despesa', 'p√∫blica', 'realidade', ':', 'crises', 'brasil', 'ocorreram', 'descontrole', 'gastos', 'governo']"
6,16-04-2018 13:07:36,"['aumento', 'produtividade', 'coisas', 'importantes', 'brasil', 'precisa', 'buscar', '.', 'significa', '?', 'resposta', 'v√≠deo', '.', 'https://t.co/tm2jgvld2r']"
7,15-04-2018 14:32:27,"['discurso', ',', 'resultados', '.', 'https://t.co/35iuhgle2t']"
8,14-04-2018 23:19:13,"['""', 'resultado', 'concreto', 'mostrar', '.', 'pessoas', 'cansadas', 'falat√≥rio', '.', 'entramos', 'governo', 'recess√£o', 'hist√≥ria', '.', 'brasil', 'saiu', 'recess√£o', ',', 'crescendo', ',', 'criando', 'empregos', ',', 'infla√ß√£o', 'baixa', '20', 'anos', '.', '""', '-', '@estadao', 'https://t.co/wbrvxpl9cu']"
9,14-04-2018 13:41:02,"['comparativo', 'situa√ß√£o', 'economia', 'assumirmos', 'minist√©rio', 'fazenda', 'maio', '2016', 'hoje', '22', 'trabalho', 'duro', '.', 'curto', 'per√≠odo', 'vencemos', 'crise', ',', 'aprovamos', 'reformas', 'colocamos', 'pa√≠s', 'rumo', 'certo', '.', 'brasil', 'precisa', 'seguir', '!', 'https://t.co/orkz0hzd75']"
10,13-04-2018 17:07:46,['https://t.co/hoqlw1vtz0']
11,13-04-2018 13:29:02,"['2002', ',', 'comecei', 'campanha', 'deputado', 'federal', 'cidade', 'rio', 'verde', 'goi√°s', '.', 'dezesseis', 'anos', ',', 'recebi', 'mesma', 'energia', 'carinho', 'in√≠cio', 'caminhada', '.', 'rio', 'verde', '!', 'https://t.co/lusim047pi']"
12,12-04-2018 19:43:50,"['""', 'precisamos', 'brasil', 'voltar', '.', 'seguir', 'frente', ',', 'fato', ',', 'pol√≠tica', 'moderniza√ß√£o', 'economia', '""', '-', '@rbandeirantes', '-', '@datenaoficial', 'https://t.co/d2unyyihqv']"
13,12-04-2018 00:58:24,"['hoje', ',', 'fiz', 'transmiss√£o', 'cargo', 'ministro', 'fazenda', ',', 'eduardo', 'guardia', '.', 'defini', 'prioridade', 'assumir', 'fun√ß√£o', ',', 'deixar', 'algu√©m', 'preparado', 'assumir', 'posto', '.', ',', 'diferente', '.', 'sucesso', 'equipe', '!', 'https://t.co/hhzjhedwjx']"
14,11-04-2018 19:59:52,['https://t.co/oig2rvpdfy']
15,11-04-2018 14:02:55,"['extremos', 'pol√≠tica', 'parecidos', ',', 'aparentam', '.', 'brasil', ',', 'basta', 'observar', 'posturas', 'inviabilizam', 'di√°logo', 'pensa', 'diferente', ',', 'posi√ß√µes', 'id√™nticas', 'reformas', 'fundamentais', 'pa√≠s', ',', 'previd√™ncia', '.', '#f√≥rumdaliberdade', 'https://t.co/kgjbwy16u0']"
16,10-04-2018 20:33:50,"['3', 'jovens', ',', 'estudantes', 'economia', ',', 'engajados', 'causa', 'modernizar', 'brasil', 'produziram', 'material', '.', 'valeu', 'fl√°vio', ',', 'luiz', 'rog√©rio', '.', 'https://t.co/jiktlotatd']"
17,10-04-2018 13:03:17,['https://t.co/jtzkdaj6zr']
18,09-04-2018 22:38:16,"['participo', 'debate', 'f√≥rum', 'liberdade', 'pr√©-candidatos', 'presid√™ncia', 'brasil', '.', 'acompanhe', 'vivo', ':', 'https://t.co/vpo3ntov4c', '#forumdaliberdade', 'https://t.co/g9ftd3y78s']"
19,09-04-2018 20:18:58,"['setor', 'produtivo', 'ga√∫cho', 'dialogando', 'futuro', 'rio', 'brasil', '.', 'tomado', 'medidas', 'dire√ß√£o', 'certa', 'lideran√ßa', 'governador', '@joseivosartori', 'come√ßa', 'vencer', 'crise', '.', 'agrade√ßo', 'calorosa', 'recep√ß√£o', '.', 'https://t.co/jpknnc3ahq']"
20,08-04-2018 21:56:37,['https://t.co/cwjfkpwyq6']
21,08-04-2018 14:06:15,"['22', 'trabalho', 'minist√©rio', 'fazenda', 'intensos', 'gratificantes', '.', 'corrigimos', 'erros', 'pol√≠tica', 'econ√¥mica', 'governo', 'anterior', ',', 'aprovamos', 'reformas', 'brasil', 'necessitava', 'd√©cadas', 'tiramos', 'pa√≠s', 'pior', 'recess√£o', 'hist√≥ria', '.', 'resultados', 'falam', 'si', '.', 'https://t.co/h2hof0gj2x']"
22,06-04-2018 20:00:13,"['existem', 'atalhos', '.', 'existe', 'trabalho', 'duro', 'pol√≠tica', 'certa', 'aplicada', 'consistente', 'durante', 'longo', '.', 'vamos', 'frente', '!']"
23,06-04-2018 20:00:12,"[',', ',', 'etapa', 'construirei', 'brasileiros', 'desejam', 'senso', ',', 'equil√≠brio', 'compet√™ncia', 'gest√£o', 'p√∫blica', '.', 'ofere√ßo', 'porta', 'voz', 'anseios', 'consci√™ncia', 'extremismo', 'populismo', 'levar√£o', 'brasil', 'nenhum', '.']"
24,06-04-2018 20:00:12,"['agrade√ßo', 'cora√ß√£o', 'equipe', 'entrega', 'dedica√ß√£o', '.', 'fato', ',', 'verdadeiro', '""', 'dream', 'team', '""', '.']"
25,06-04-2018 20:00:11,"['pa√≠s', 'caminha', 'dire√ß√£o', 'certa', '.', 'voltou', 'crescer', ',', 'gerar', 'empregos', ',', 'infla√ß√£o', 'baixa', 'menores', 'juros', 'hist√≥ria', '.', '.', 'preciso', 'seguir', 'mudando', 'estruturas', 'economia', '√°reas', 'tornemos', 'na√ß√£o', 'sonhamos', '.']"
26,06-04-2018 19:59:15,"['deixo', 'hoje', 'minist√©rio', 'fazenda', 'sensa√ß√£o', 'dever', 'cumprido', '.', 'trabalho', 'tiramos', 'brasil', 'grave', 'crise', 'constru√≠mos', 'bases', 'forte', 'crescimento', 'pr√≥ximos', 'anos', '.']"
27,06-04-2018 15:04:13,"[',', '15h30', ',', 'farei', 'coletiva', 'imprensa', 'decis√£o', 'permanecer', 'frente', 'minist√©rio', 'fazenda', '.']"
28,04-04-2018 14:05:27,"['oficialmente', 'filiado', 'mdb', ',', 'movimento', 'democr√°tico', 'brasileiro', '.', 'juntos', 'aprofundar', 'mudan√ßas', 'fizeram', 'brasil', 'sair', 'crise', 'voltar', 'crescer', '.', 'sexta-feira', 'anunciarei', 'decis√£o', 'permanecer', 'frente', 'minist√©rio', 'fazenda', '.', 'https://t.co/euedbofp4o']"
29,04-04-2018 12:50:50,"['membro', 'executivo', ',', 'respeito', 'independ√™ncia', 'autonomia', 'judici√°rio', 'stf', '.', 'espero', 'pr√≥ximos', 'dias', 'pa√≠s', 'vire', 'p√°gina', 'importante', 'caminhe', 'junto', 'etapa', 'democracia', '.']"
30,03-04-2018 15:10:33,"['vivo', ':', 'filia√ß√£o', 'mdb', 'https://t.co/tylpwdnjez']"
31,03-04-2018 14:58:59,"['rt', '@pmdb_nacional', ':', 'hoje', '!', 'refor√ßo', 'peso', 'mdb', '.', ',', '@meirelles', 'https://t.co/udbcofneyr']"
32,02-04-2018 21:36:25,"['brasil', '3', 'caminhos', 'elei√ß√£o', ':', '1', '.', 'retroceder', 'ideias', 'levaram', 'pior', 'crise', 'hist√≥ria', '2', '.', 'apostar', 'falat√≥rio', 'promessas', 'daqueles', '3', '.', 'seguir', 'ampliar', 'atual', 'pol√≠tica', 'reformas', 'pa√≠s', 'voltar', 'crescer', 'gerar', 'emprego', 'https://t.co/xqjmkxzhfk']"
33,02-04-2018 16:38:52,"['curto', 'espa√ßo', 'tiramos', 'economia', 'recess√£o', 'colocamos', 'pa√≠s', 'trilhos', '.', 'confira', 'boas', 'not√≠cias', '√∫ltima', 'semana', '!', 'https://t.co/uxvvh8c4xj']"
34,01-04-2018 20:19:21,"['feliz', 'p√°scoa', '!', 'https://t.co/s7uwaqtkbe']"
35,29-03-2018 19:50:13,['https://t.co/pdwcninfe5']
36,29-03-2018 00:14:46,"['pr√©-candidatos', 'presidente', 'defendem', 'continuidade', 'atual', 'pol√≠tica', 'econ√¥mica', '.', ',', 'falar', ',', 'diferente', ',', 'implementar', 's√©rie', 'medidas', 'tiraram', 'brasil', 'grave', 'crise', 'econ√¥mica', 'hist√≥ria', '.', 'https://t.co/pkrd6c4shw']"
37,28-03-2018 20:59:59,"['""', 'patrim√¥nio', 'popula√ß√£o', 'preservado', 'melhor', 'gest√£o', 'companhia', '.', 'modernizar', 'modelo', 'gera√ß√£o', 'energia', 'el√©trica', '.', '""', '-', '@estadao', 'https://t.co/u8rdnoaz5x']"
38,28-03-2018 12:44:13,"['democracia', ',', 'resolvemos', 'diverg√™ncias', 'pol√≠ticas', 'elei√ß√µes', ',', 'debate', 'respeito', 'resultado', 'eleitoral', '.', 'aconteceu', 'paran√°', 'atentado', 'liberdade', 'express√£o', 'l√≠der', 'pol√≠tico', 'inadmiss√≠vel', 'democracia']"
39,27-03-2018 22:21:03,"[',', 'sigo', 'focado', 'trabalho', 'minist√©rio', 'fazenda', '.', 'continuarei', 'comprometido', 'trabalhar', 'brasil']"
40,27-03-2018 22:20:23,"['tomei', 'decis√£o', 'filiar', '@pmdb_nacional', '.', 'desafio', 'aprofundar', 'mudan√ßas', 'tiraram', 'brasil', 'pior', 'crise', 'hist√≥ria', '.', 'semana', 'tomarei', 'decis√£o', 'irei', 'candidatar', 'elei√ß√µes', 'outubro']"
41,27-03-2018 22:03:15,"['coer√™ncia', 'fundamental', 'debate', 'futuro', 'brasil', '.', 'preciso', 'deixar', 'claro', 'defende', '.', 'linha', 'mesma', ':', 'estabilidade', ',', 'controle', 'gastos', 'infla√ß√£o', ',', 'reformas', ',', 'etc', '..', 'vamos', 'melhorar', 'renda', 'servi√ßos', 'popula√ß√£o', '.', 'https://t.co/pcaaq8cfq1']"
42,27-03-2018 16:54:29,"['junto', 'avan√ßos', 'lei', 'governan√ßa', 'estatais', ',', 'determina', 'nomea√ß√£o', 'dirigentes', 'crit√©rios', 't√©cnicos', ',', 'importante', 'medida', 'implementando', 'aumentar', 'transpar√™ncia', 'qualificar', 'gest√£o', 'bancos', 'p√∫blicos', '.', 'https://t.co/zv64sw9wrb']"
43,27-03-2018 12:56:37,"['dia', '.', 'participo', ',', 'sede', '@tcuoficial', ',', 'debate', 'privatiza√ß√£o', '@eletrobras', '.', 'acompanhe', 'vivo', ':', 'https://t.co/nkmscpyiup', 'https://t.co/8o2b44nigf']"
44,26-03-2018 13:20:49,"['alegria', 'participar', 'encontro', ',', '5', 'gerentes', 'banco', 'brasil', '\u200b', 'falar', 'acredito', 'papel', 'l√≠deres', 'profunda', 'transforma√ß√£o', 'pa√≠s', '.', '!', 'brasil', 'üáß', 'üá∑', 'conta', '.', 'https://t.co/u2qxvjcufl']"
45,25-03-2018 21:59:20,"['semana', 'trabalho', 'duro', '.', 'semana', 'excelentes', 'resultados', 'economia', 'brasileira', '.', 'seguimos', 'avan√ßando', '!', 'https://t.co/im2cmkgaxs']"
46,25-03-2018 16:40:06,['https://t.co/iqogcqbudh']
47,24-03-2018 23:24:28,"['gr√°fico', 'mostra', 'evolu√ß√£o', 'gera√ß√£o', 'empregos', 'fevereiro', '√∫ltimos', '3', 'anos', '.', 'recupera√ß√£o', 'extraordin√°ria', 'curto', 'espa√ßo', '.', 'prova', 'certo', 'podemos', 'desviar', 'trilho', '.', 'vamos', 'pra', 'frente', '!', 'https://t.co/bxsllbgsxb']"
48,24-03-2018 19:48:37,"['participei', 'goiana', ',', 'pernambuco', ',', 'visita', 'f√°brica', 'fiat', '/', 'jeep', '.', 'anunciada', 'abertura', 'turno', 'produ√ß√£o', 'gerar', '2', 'postos', 'trabalho', '.', 'empresas', 'trabalhadores', 'voltando', 'acreditar', 'brasil', '.', 'https://t.co/o1t5hhx7ot']"
49,24-03-2018 16:17:11,['https://t.co/mefgxi2qkn']
50,23-03-2018 20:32:28,"['acabou', 'divulgado', 'resultado', 'gera√ß√£o', 'empregos', 'fevereiro', '.', '#empregos', 'destru√≠dos', 'durante', 'crise', 'sendo', 'recuperados', 'resultados', 'melhores', 'longo', 'ano', '.', 'vamos', 'frente', '!', 'https://t.co/yjkxzv8bby']"
51,23-03-2018 17:32:58,"['acompanhei', 'presidente', '@micheltemer', 'inaugura√ß√£o', 'etapas', '1', '2', 'projeto', 'irriga√ß√£o', 'baixio', 'irec√™', 'bahia', '.', 'importante', 'investimento', 'governo', 'federal', 'levando', '√°gua', ',', 'empregos', 'dignidade', 'milhares', 'fam√≠lias', '.', 'https://t.co/91dr1avt5u']"
52,23-03-2018 13:01:16,['https://t.co/cdobxrjv45']
53,22-03-2018 17:12:17,"['durante', 'reuni√£o', 'desenvolvimento', 'econ√¥mico', 'social', 'mostrei', 'resultados', 'reformas', 'realizamos', 'economia', '.', 'terem', 'sido', 'fundamentais', 'pa√≠s', 'sair', 'crise', ',', 'constru√≠ram', 'bases', 'brasil', 'cres√ßa', 'forte', 'pr√≥ximos', 'anos', '.', '#cdes', 'https://t.co/tak509slft']"
54,22-03-2018 13:21:12,['https://t.co/ufikewt2jp']
55,22-03-2018 00:02:50,"['""', 'mostramos', 'dados', '(', 'com√©rcio', ')', 'brasil', 'estados', 'unidos', 'mostrando', 'existia', ',', 'brasileiro', 'nenhum', 'ind√≠cio', 'pr√°tica', 'anticompetitiva', ',', 'nenhum', 'dumping', ',', 'preocupa√ß√£o', 'norte-americana', '.', 'a√ß√£o', 'firme', 'brasil', ',', 'direta', ',', 'franca', '.', '""', '@oglobo', 'https://t.co/zxwfcs0foi']"
56,21-03-2018 22:57:24,"['evento', 'banco', 'brasil', 'grata', 'surpresa', 'encontrar', 'amigo', 'artista', 'brasileiro', '@ivanlinsoficial', '.', 'https://t.co/owr6bb8a9l']"
57,21-03-2018 19:00:14,['https://t.co/8pfqigdhhl']
58,21-03-2018 15:22:59,"['participei', 'hoje', 'evento', '#lidera', '@bancodobrasil', 'reuniu', '5700', 'gestores', 'transforma√ß√µes', 'brasil', 'banco', '.', 'reuni√£o', 'sucesso', '.', 'apresentei', 'experi√™ncia', 'trajet√≥rias', 'profissionais', 'sucesso', 'miss√£o', 'servir', 'pa√≠s', '.', '#bb', 'https://t.co/cv4eyg8w1v']"
59,20-03-2018 23:20:17,"['participei', 'posse', 'diretoria', 'associa√ß√£o', 'empresarial', 'crici√∫ma', ',', 'sul', 'santa', 'catarina', '.', 'setor', 'produtivo', 'catarinense', 'competitividade', 'otimista', 'recupera√ß√£o', 'economia', '.', 'empresas', 'voltaram', 'investir', 'apostar', 'brasil', '.', 'https://t.co/pmsutvbmqq']"
60,20-03-2018 13:14:27,['https://t.co/kn08uugsun']
61,20-03-2018 00:05:49,"['confedera√ß√£o', 'nacional', 'com√©rcio', 'estima', 'crescimento', '3,5', '%', 'vendas', 'p√°scoa', 'ano', '.', 'pesquisa', 'destaca', 'pre√ßos', 'favor√°veis', 'cesta', 'produtos', 'conta', 'baixa', 'infla√ß√£o', 'cria√ß√£o', '10', 'postos', 'trabalho', 'per√≠odo', '.', 'https://t.co/e8xfzha9ad']"
62,19-03-2018 22:09:33,"['√≥timas', 'reuni√µes', 'ministros', 'fazenda', '√°frica', 'sul', ',', 'nhlanhla', 'nene', ',', 'chile', ',', '@felipelarrain', '.', 'trabalhando', 'juntos', 'amplia√ß√£o', 'rela√ß√µes', 'comerciais', 'desenvolvimento', 'pa√≠ses', '.', '#g20', 'https://t.co/6tzjnaaqbd']"
63,19-03-2018 20:34:31,"['pessoas', 'perguntado', 'frequ√™ncia', '√∫ltimos', 'dias', 'opini√£o', 'desdobramentos', 'medidas', 'governo', 'americano', 'sobretaxar', 'importa√ß√£o', 'a√ßo', 'alum√≠nio', '.', 'resposta', 'v√≠deo', '!', 'https://t.co/5hflvn0cax']"
64,19-03-2018 14:07:13,"['dando', 'in√≠cio', 'atividades', 'g', '-', '20', 'buenos', 'aires', '.', 'reuni√£o', 'ministros', 'finan√ßas', 'pa√≠ses', 'situa√ß√£o', 'venezuela', '.', 'temas', 'com√©rcio', 'internacional', 'investidores', 'infraestrutura', 'prioridades', 'agenda', '.', '#g20', 'https://t.co/elrnqwykgd']"
65,18-03-2018 22:41:23,"['longo', 'hist√≥ria', ',', 'brasil', 'viveu', 'sucessivos', '""', 'v√¥os', 'pato', '""', 'economia', ',', 'sobe', 'desce', 'crescimento', '.', 'mudar', 'realidade', ',', 'precisamos', 'coisas', ':', 'üëâ', 'manter', 'atual', 'pol√≠tica', 'econ√¥mica', 'üëâ', 'aprofundar', 'processo', 'reformas', 'curso', 'https://t.co/nwtozemrv0']"
66,18-03-2018 16:37:01,['https://t.co/zqjb10yiaz']
67,17-03-2018 23:16:59,"['f√≥rum', 'econ√¥mico', 'mundial', '-', 'am√©rica', 'latina', ',', 'promoveu', 'importantes', 'debates', 'economia', 'global', ',', 'desenvolvimento', ',', 'amea√ßa', 'populismo', 'etc', '.', 'investidores', 'pa√≠ses', 'parceiros', 'reconhecido', 'avan√ßos', 'abertura', 'comercial', 'moderniza√ß√£o', 'economia', '.', '#la2018', '@wef', 'https://t.co/hhmmi483r0']"
68,17-03-2018 17:07:18,"['semana', 'avan√ßos', 'economia', '.', 'seguimos', 'trabalhando', 'duro', 'garantir', 'crescimento', 'emprego', '.', '#boasnot√≠cias', 'https://t.co/tdoremaqab']"
69,17-03-2018 14:18:20,"['agroneg√≥cio', 'brasileiro', 'produtividade', 'compet√™ncia', '.', '#cuiab√°', 'semana', 'dialogando', 'setor', 'importante', 'economia', 'bater', 'recordes', 'produ√ß√£o', '2018', '.', 'https://t.co/7duondijsh']"
70,15-03-2018 13:52:23,['https://t.co/jgynrpqnrw']
71,14-03-2018 23:38:21,"['participando', 'posse', 'associa√ß√£o', 'empresarial', 'crici√∫ma', '(', 'acic', ')', '.', 'santa', 'catarina', 'dado', 'contribui√ß√£o', 'retomada', 'crescimento', 'brasil', '.', 'https://t.co/efmz9kisfx']"
72,14-03-2018 16:26:33,"['equipe', '@twitterbrasil', 'oportunidade', '.', '!']"
73,14-03-2018 15:57:18,"['.', '@taisemuller', '#pergunteaomeirelles', 'https://t.co/c9wuaaqin0']"
74,14-03-2018 15:55:22,"['resposta', 'pergunta', 'anterior', 'memes', 'https://t.co/blrtkpvl7f']"
75,14-03-2018 15:52:42,"['rt', '@theinterceptbr', ':', 'senhor', 'gosta', 'memes', '?', '#pergunteaomeirelles', 'https://t.co/2xda06oya3']"
76,14-03-2018 15:41:24,"['.', '@carlos_amoedopa', '#pergunteaomeirelles', 'https://t.co/trkavubfwb']"
77,14-03-2018 15:39:39,"['.', '@dread_joseph', '#pergunteaomeirelles', 'https://t.co/zjfksvnm9i']"
78,14-03-2018 15:36:40,"['.', '@dioobr', '#pergunteaomeirelles', 'https://t.co/yzvmqfa1ug']"
79,14-03-2018 15:35:44,"['.', '@analuciabnu', '#pergunteaomeirelles', 'https://t.co/bxrrihx1x5']"
80,14-03-2018 15:34:19,"['.', '@jeffesantos', '#pergunteaomeirelles', 'https://t.co/y3spmcuqvp']"
81,14-03-2018 15:33:24,"['.', '@luizc_pr', '#pergunteaomeirelles', 'https://t.co/0pdyjypksl']"
82,14-03-2018 15:32:23,"['.', '@dioobr', '#pergunteaomeirelles', 'https://t.co/xntj2zar3z']"
83,14-03-2018 15:31:22,"['.', '@sirmonteiro', '#pergunteaomeirelles', 'https://t.co/w7q9kvg00s']"
84,14-03-2018 15:29:55,"['.', '@otavio_ti', '#pergunteaomeirelles', 'https://t.co/njcr9eqpgq']"
85,14-03-2018 15:29:15,"['.', '@ale300carvalho', '#pergunteaomeirelles', 'https://t.co/xdhqcpukrk']"
86,14-03-2018 15:27:52,"['.', '@botts1974', '#pergunteaomeirelles', 'https://t.co/sk9g9htmz2']"
87,14-03-2018 15:26:46,"['.', '@victebrito', '#pergunteaomeirelles', 'https://t.co/exxhyyvmc3']"
88,14-03-2018 15:25:36,"['.', '@sirmonteiro', '#pergunteaomeirelles', 'https://t.co/7wu4v4mxwj']"
89,14-03-2018 15:24:11,"['.', '@claudiabmenezes', '#pergunteaomeirelles', 'https://t.co/rdomtzlpty']"
90,14-03-2018 15:23:13,"['.', '@jhgborges', '#pergunteaomeirelles', 'https://t.co/os4uu6j3tz']"
91,14-03-2018 15:19:22,"['.', '@rafaelmoneywize', '#pergunteaomeirelles', 'https://t.co/0cmk0ludvv']"
92,14-03-2018 15:16:55,"['.', '@drflorianovitz', '#pergunteaomeirelles', 'https://t.co/oqvftu2nuc']"
93,14-03-2018 15:15:42,"['.', '@ninomayer_', '#pergunteaomeirelles', 'https://t.co/x4hbxh3v04']"
94,14-03-2018 14:39:15,"['acabei', 'chegar', 'sede', '@twitterbrasil', '.', 'daqui', 'vou', 'come√ßar', 'responder', 'perguntas', '.', 'enviar', 'usando', 'hashtag', '#pergunteaomeirelles', '.', 'https://t.co/cvztlzchgt']"
95,13-03-2018 23:15:00,"['enviou', 'pergunta', '?', 'respostas', ',', 'amanh√£', '10h30', '.', '#pergunteaomeirelles', '@twitterbrasil', 'https://t.co/zxgbsq3wwz']"
96,12-03-2018 21:21:42,"['quarta-feira', 'estarei', '@twitterbrasil', 'respondendo', 'perguntas', '.', 'envie', 'usando', 'hashtag', '#pergunteaomeirelles', '.', 'participe', '!', 'https://t.co/hwokcj3tia']"
97,12-03-2018 17:34:39,"['‚Äú', 'retomada', 'explicada', 'conjunto', 'fatores', ':', 'infla√ß√£o', 'baixa', ',', 'juros', 'patamar', 'hist√≥rico', ',', 'aumento', 'renda', 'ligeira', 'rea√ß√£o', 'mercado', 'trabalho', '.', '""', '@estad√£o', '-', 'https://t.co/divmc0ueet', 'https://t.co/j5t9zyxi27']"
98,12-03-2018 15:30:26,"['#cuiab√°', 'participando', 'semin√°rio', 'gazeta', 'agro', '.', '#agroneg√≥cio', 'brasileiro', 'competitividade', 'efici√™ncia', '.', 'setor', 'fundamental', 'impulsionar', 'crescimento', 'tirar', 'pa√≠s', 'recess√£o', '.', 'https://t.co/mva6wfzkzj']"
99,11-03-2018 21:51:49,"['defendo', 'diminui√ß√£o', 'impostos', 'brasil', '.', ',', 'reduzir', 'despesa', 'p√∫blica', '.', ',', 'aprovamos', 'teto', 'gastos', ',', 'reduzimos', '2009', 'despesas', 'controlados', 'executivo', 'trabalhando', 'aprovar', 'reformas', 'congresso', '.', 'https://t.co/skqpmysdjk']"
100,11-03-2018 14:12:21,['https://t.co/xbn8pyurbx']
101,10-03-2018 22:44:33,"['45', 'anos', 'voltei', 'vestir', 'beca', 'formatura', 'curso', 'engenharia', 'poli', '-', 'usp', ',', 'patrono', 'turma', '.', 'compartilho', 'emo√ß√£o', 'significado', '.', 'https://t.co/8vze9fyloj']"
102,10-03-2018 17:49:22,"['economia', 'brasileira', 'melhora', 'semana', 'avan√ßa', 'dire√ß√£o', 'queremos', ':', 'infla√ß√£o', 'baixa', ',', 'juro', ',', 'crescimento', 'empregos', '.', 'seguimos', 'avan√ßando', '!', 'https://t.co/r6uiopiwv9']"
103,10-03-2018 14:33:29,"['encerrada', 'agenda', 'ny', '.', 'intensos', 'dias', 'trabalho', 'contribuir√£o', 'ampliar', 'confian√ßa', 'investidores', 'internacionais', 'aumentar', 'investimento', 'estrangeiro', 'brasil', '.', 'miss√£o', 'cumprida', '!', 'https://t.co/rzxcztjfmc']"
104,10-03-2018 00:14:53,['https://t.co/h3pzeqrt4w']
105,09-03-2018 14:11:44,"['participei', ',', 'ny', ',', '""', 'semin√°rio', 'oportunidades', 'investimento', 'brasil', '""', 'presen√ßa', 'investidores', 'internacionais', '.', 'volta', 'crescimento', ',', 'interesse', 'pa√≠s', ',', 'especialmente', 'infraestrutura', '.', 'seguimos', 'hoje', 'intensa', 'agenda', '.', 'https://t.co/2v2amd0a6i']"
106,08-03-2018 15:00:25,"['mulheres', 'liderando', 'influenciando', 'mundo', 'vivemos', '.', 'precisamos', 'habilidades', ',', 'intelig√™ncias', 'sensibilidade', '.', 'parab√©ns', 'dia', ',', 'mulheres', 'brasileiras', '!', '#diadamulher']"
107,07-03-2018 20:59:01,"['visitando', 'preg√£o', 'bolsa', 'iorque', 'cerca', '30', 'empresas', 'brasileiras', 'negociadas', '.', 'recupera√ß√£o', 'economia', 'ajuda', 'alavancar', 'investimentos', 'nessas', 'companhias', 'acabam', 'gerar', 'empregos', 'oportunidades', 'brasil', '.', 'https://t.co/ajabhahhoo']"
108,07-03-2018 17:37:05,"['iniciando', 'iorque', 's√©rie', 'encontros', 'investidores', 'internacionais', '.', 'investimento', ',', 'interno', 'externo', ',', 'fundamental', 'pa√≠s', 'retoma', 'crescimento', '.', 'vou', 'atualizando', 'novidades', '.', 'https://t.co/vvt2ossab6']"
109,05-03-2018 20:09:12,"['resposta', 'pergunta', 'manchete', 'üëá', ',', 'precisamos', 'manter', 'atual', 'pol√≠tica', 'econ√¥mica', 'seguir', 'mudando', 'estruturas', 'pa√≠s', 'reduzindo', 'despesas', '.', 'aprofundarmos', 'processo', 'reformas', 'curso', ',', 'pa√≠s', 'crescer', '.', 'https://t.co/ruvi9sjrlu']"
110,05-03-2018 16:28:51,"['come√ßando', 'semana', 'natal', 'participa√ß√£o', '34¬™', 'edi√ß√£o', 'projeto', 'motores', 'desenvolvimento', 'rio', 'norte', ':', '""', 'caminhos', 'brasil', '‚Äù', '.', 'https://t.co/ieeotyhisf']"
111,04-03-2018 23:32:39,"['conhe√ßa', 'trajet√≥ria', '.', 'seguimos', 'frente', 'entusiasmo', '.', 'https://t.co/k3ptr51m3u']"
112,04-03-2018 13:38:56,"['melhora', 'economia', ',', 'otimismo', 'cresce', 'dia', 'pa√≠s', '.', 'confira', 'boas', 'not√≠cias', 'semana', '!', 'https://t.co/xath2mcbm9']"
113,04-03-2018 00:35:52,"['honrado', 'patrono', 'turma', '2017', 'engenharia', 'polit√©cnica', 'usp', ',', 'escola', 'formei', '1973', '.', 'queridos', 'formandos', ',', 'felizes', 'ajudem', 'constru√ß√£o', 'brasil', 'plena', 'transforma√ß√£o', '.', 'https://t.co/fni2gnzrc8']"
114,03-03-2018 19:43:52,"['frases', 'efeito', 'vamos', 'reduzir', 'impostos', 'brasil', '.', 'preciso', ',', ',', 'reduzir', 'despesa', 'p√∫blica', '.', 'aprovamos', 'teto', 'gastos', ',', 'reduzimos', '2009', 'despesas', 'controladas', 'executivo', 'lutando', 'aprovar', 'reformas', 'congresso', '.', 'https://t.co/igwb2dyfvb']"
115,02-03-2018 22:19:21,"['brasil', 'üáß', 'üá∑', 'precisa', ':', 'trabalho', 'discurso', 'compet√™ncia', 'improviso', 'responsabilidade', 'demagogia', 'uni√£o', 'briga', 'pol√≠tica', 'raz√£o', 'frases', 'bomb√°sticas', 'austeridade', 'desperd√≠cio', 'sociedade']"
116,02-03-2018 18:07:10,"['hoje', ',', '22h', ',', 'ar', 'entrevista', 'gravei', 'programa', '@ratinhodosbt', '.', 'assistam', '!', 'https://t.co/3snqmgydut']"
117,02-03-2018 15:50:25,"['melhor', 'pol√≠tica', 'social', 'emprego', 'retomada', 'crescimento', 'econ√¥mico', 'permitindo', 'recupera√ß√£o', 'milhares', 'postos', 'trabalho', 'setores', '.', '2018', 'prevista', 'cria√ß√£o', '2,5', 'milh√µes', 'vagas', '.', 'https://t.co/irktgmlddq']"
118,01-03-2018 23:17:10,"['#fortaleza', 'palestra', '.', 'vejo', 'consci√™ncia', 'sociedade', 'brasil', 'desenvolver', 'm√°gicas', 'frases', 'efeito', '.', 'pessoas', 'discutir', 'desafios', 'realista', 'trabalhar', 'junto', 'busca', 'solu√ß√µes', '.', 'vamos', 'frente', '!', 'https://t.co/cn6k4bpddr']"
119,01-03-2018 14:16:03,"['divulga√ß√£o', 'resultado', 'pib', '2017', ',', 'brasil', 'confirma', 'sa√≠da', 'pior', 'recess√£o', 'hist√≥ria', '.', 'voltamos', 'crescer', 'mudamos', 'dire√ß√£o', 'pol√≠tica', 'econ√¥mica', 'iniciamos', 'intenso', 'processo', 'reformas', 'estruturais', 'aumento', 'produtividade', 'economia', '.', 'https://t.co/wd3p2ebjnz']"
120,01-03-2018 00:29:22,"['relat√≥rio', 'elaborado', 'ocde', ',', 'organiza√ß√£o', 'internacional', 're√∫ne', '35', 'pa√≠ses', ',', 'confirma', 'dito', ':', 'precisamos', 'seguir', 'reformas', 'crescer', 'for√ßa', '.', 'fala', ',', 'citei', 'emblem√°tico', 'feito', 'aumentar', 'produtividade', 'pa√≠s', '.', 'https://t.co/3esutpm94q']"
121,27-02-2018 15:13:29,"['resultados', 'animadores', 'setor', 'economia', 'vinha', 'anos', 'dif√≠ceis', 'forte', 'queda', 'produ√ß√£o', '.', '2017', 'ind√∫stria', 'cresceu', '2,5', '%', ',', 'proje√ß√£o', '2018', 'crescimento', 'robusto', ',', 'acompanhado', 'gera√ß√£o', 'milhares', 'empregos', '.', 'seguimos', 'avan√ßando', '!', 'https://t.co/xfc6jzxrf6']"
122,26-02-2018 23:04:39,"['previs√£o', 'investimento', 'estrangeiro', 'brasil', '15', '%', '2018', 'comparado', '2017', '.', 'resultado', 'janeiro', 'superior', 'proje√ß√µes', 't√©cnicos', 'econ√¥mica', '.', 'seguimos', 'avan√ßando', '!', 'https://t.co/pdsvmcsr1j']"
123,26-02-2018 20:24:04,"['convic√ß√µes', 'trabalho', 'economia', 'escolhas', 'brasil', 'precisa', 'tornar', 'pa√≠s', 'sonhamos', '.', 'https://t.co/8vz0a5flla']"
124,26-02-2018 16:59:56,"['segue', 'subindo', 'previs√£o', 'mercado', 'crescimento', 'pib', '2018', 'estimativa', 'infla√ß√£o', 'segue', 'caindo', '.', 'https://t.co/f3dwc2mhg8']"
125,25-02-2018 22:16:49,['https://t.co/revz9sw9rc']
126,25-02-2018 13:10:13,"['boas', 'not√≠cias', 'semana', 'economia', '.', 'infla√ß√£o', 'baixa', ',', 'investimentos', 'consumo', 'alta', '.', 'https://t.co/4srg1bsqav']"
127,24-02-2018 23:06:30,"['muita', 'gente', 'pergunta', 'trocar', 'carreira', 'sucedida', 'executivo', 'exterior', 'voltar', 'brasil', 'trabalhar', 'servi√ßo', 'p√∫blico', '.', 'servir', 'pa√≠s', 'retribuir', 'proporcionou', 'escolas', 'p√∫blicas', 'gratificante', 'mim', '.', 'https://t.co/gitiuqvev8']"
128,23-02-2018 22:40:11,"[',', '23h', ',', 'ar', 'participa√ß√£o', 'programa', '#marianagodoyentrevista', '@redetv', '.', 'https://t.co/qfvo9ko4ak']"
129,23-02-2018 11:19:37,"['dia', '!', 'participando', 'jornal', 'manh√£', 'r√°dio', 'jovem', 'pan', '.', 'acompanhe', 'vivo', ':', 'https://t.co/i3f23hhomv', 'https://t.co/ou1xszsweb']"
130,21-02-2018 13:36:06,"['vivo', 'conversando', '@datenaoficial', '@rbandeirantes', '.', 'acompanhe', 'link', ':', 'https://t.co/vladuxlods', 'https://t.co/t6vsoxzjbx']"
131,20-02-2018 22:11:35,"['demonstra√ß√£o', 'brasil', 'voltou', 'crescer', ',', 'anos', 'queda', ',', 'lan√ßamentos', 'im√≥veis', 'sobem', '48', '%', '2017', ':', 'https://t.co/xka3nxdngw', 'https://t.co/lxlakwcoyn']"
132,20-02-2018 16:25:47,"['impossibilidade', 'votar', 'reforma', 'previd√™ncia', ',', 'durante', 'interven√ß√£o', 'rj', ',', 'definimos', 'conjunto', 'l√≠deres', 'congresso', 'pauta', 'priorit√°ria', 'vota√ß√µes', 'projetos', 'visam', 'aumentar', 'produtividade', 'modernizar', 'pa√≠s', '.', 'saiba', ':', 'https://t.co/vyoccu2dni', 'https://t.co/cpklweth1l']"
133,19-02-2018 20:01:33,"['previs√£o', 'mercado', 'crescimento', 'pib', '2018', 'subiu', 'infla√ß√£o', 'caiu', '.', 'https://t.co/4oktod3x3k']"
134,19-02-2018 17:05:47,"['divulgado', 'ibc-br', ',', 'medida', 'pib', 'calculada', 'banco', 'central', ',', 'cresceu', '1,41', '%', 'dezembro', ',', 'superando', 'previs√µes', 'indicando', 'ritmo', 'forte', 'crescimento', '2018', '.', 'seguimos', 'avan√ßando', '.', '√≥tima', 'semana', 'trabalho', '!', 'https://t.co/iqztb1q3f6']"
135,18-02-2018 22:32:46,"['governo', 'anterior', 'vis√£o', 'deveria', 'centro', '.', 'acredito', 'pessoas', 'centro', '.', 'medidas', 'teto', 'gastos', 'ajudando', 'reduzir', 'tamanho', 'governo', 'ampliar', 'sociedade', '.', 'v√≠deo', ',', 'falo', 'assunto', '!', 'https://t.co/xwsw2dyitc']"
136,18-02-2018 13:33:56,"['valores', 'brasil', 'abra√ßar', 'abandonar', 'tornar', 'na√ß√£o', 'sonhamos', '.', 'https://t.co/zq7e5h2lju']"
137,17-02-2018 15:25:01,"['ibge', 'aponta', 'setor', 'servi√ßos', 'cresceu', '2¬∫', 'consecutivo', 'come√ßa', 'recuperar', 'anos', 'forte', 'queda', '.', 'destaque', 'segmento', 'transporte', 'impulsionado', 'crescimento', 'ind√∫stria', '2017', '.', 'https://t.co/w4aqnyz5wv']"
138,15-02-2018 19:57:19,"['bolsa', 'brasileira', 'subiu', 'ano', 'reflete', 'otimismo', 'investidores', 'rumo', 'economia', '.', 'https://t.co/euutney1qt']"
139,15-02-2018 13:30:10,"['reforma', 'previd√™ncia', 'opini√£o', 'pol√≠tica', ',', 'necessidade', 'garantir', 'previd√™ncia', 'recursos', 'pagar', 'aposentadorias', '.', 'https://t.co/omti4an8rw']"
140,14-02-2018 19:11:32,"['pregar', 'mudan√ßa', ',', 'fato', ',', 'mudan√ßa', ',', 'coisas', 'diferentes', '.', 'projeto', 'transformando', 'brasil', '.', 'https://t.co/vsz5djvxyr']"
141,12-02-2018 16:14:04,"['durante', 'carnaval', ',', 'continuam', 'boas', 'not√≠cias', 'economia', '.', 'https://t.co/sjpavp1vch']"
142,11-02-2018 20:35:19,"['comunidade', 'empresarial', 'minas', 'gerais', 'convite', 'trocar', 'ideias', 'brasil', '√≥timo', 'debate', '.', 'vejo', 'nesses', 'encontros', ',', 'brasil', ',', 'pessoas', 'muita', 'vontade', 'participar', 'construir', 'junto', 'mudan√ßas', 'pa√≠s', 'vivendo', '.', 'https://t.co/wkhawncdit']"
143,10-02-2018 13:37:09,"['venda', 'm√≥veis', 'eletrodom√©sticos', 'puxou', 'crescimento', 'setor', '2017', '.', 'ibge', ',', 'forte', 'queda', 'taxa', 'juros', 'impulsionou', 'cr√©dito', 'fundamental', 'resultado', '.', 'seguimos', 'avan√ßando', '!', 'https://t.co/39abjuegyv']"
144,09-02-2018 19:36:43,"['assumimos', 'governo', '2016', ',', 'brasil', 'superou', 'pol√≠ticas', 'econ√¥micas', 'equivocadas', 'levaram', 'recess√£o', 'atrasou', ',', 'casos', 'atrasa', ',', 'pa√≠ses', 'am√©rica', 'latina', '.', 'falo', 'v√≠deo', '.', 'assista', '!', 'https://t.co/bzrmwlcmud']"
145,09-02-2018 13:01:54,"['infla√ß√£o', 'baixa', 'permite', 'queda', 'juros', '.', ',', 'roda', 'economia', 'come√ßa', 'girar', 'r√°pido', ':', 'aumenta', 'consumo', ',', 'investimento', 'emprego', '.', 'anos', 'volatilidade', ',', 'voltamos', 'estabilidade', 'econ√¥mica', '.', 'https://t.co/addy95pcft']"
146,08-02-2018 19:21:06,['https://t.co/8cdcvywlol']
147,07-02-2018 22:27:26,"['palestra', 'associa√ß√£o', 'comercial', 'rio', 'janeiro', ',', 'falei', 'motivo', 'desencadeou', 'crises', 'econ√¥micas', 'brasil', '√∫ltimos', '70', 'anos', ':', 'crescimento', 'insustent√°vel', 'gastos', 'p√∫blicos', '.', 'precisamos', 'aprender', 'erros', 'passado', 'repitam', '.', 'https://t.co/t1cpbgshdi']"
148,07-02-2018 18:07:25,"['resultados', 'diversos', 'setores', 'economia', ',', 'divulgados', 'semana', ',', 'confirmam', 'for√ßa', 'solidez', 'crescimento', '2018', '.', 'https://t.co/tr6eujqh0g']"
149,07-02-2018 15:45:16,"['sendo', 'entrevistado', '@renataloprete', '""', 'xix', 'ceo', 'conference', 'brasil', '""', '.', 'pauta', 'reforma', 'previd√™ncia', ',', 'situa√ß√£o', 'fiscal', 'pa√≠s', 'proje√ß√µes', 'crescimento', 'economia', '2018', '.', 'https://t.co/dlh4yyxfdi']"
150,05-02-2018 12:52:32,"['v√≠deo', ',', 'resumo', 'atividades', '√∫ltimos', 'dias', '.', 'semana', 'inicia', 'produtiva', 'trabalho', '!', 'https://t.co/wfjbu1nefw']"
151,04-02-2018 13:33:15,['https://t.co/m6czuhzsex']
152,03-02-2018 23:54:19,"['investimento', 'am√©rica', 'latina', 'tema', 'confer√™ncia', 'internacional', 'participei', 'paulo', '.', 'analistas', ',', 'brasil', 'puxar√°', 'crescimento', 'regi√£o', '2018', '.', 'https://t.co/rqbxpbbkuj']"
153,03-02-2018 21:11:11,"['janeiro', 'terminou', '√≥timas', 'not√≠cias', 'economia', 'brasileira', '.', 'resultados', ',', ',', 'confirmam', 'proje√ß√µes', 'forte', 'crescimento', '2018', '.', 'assista', '!', 'https://t.co/it89gniqmg']"
154,02-02-2018 18:24:41,"['excelente', 'not√≠cia', 'economia', '.', 'ind√∫stria', 'segue', 'franca', 'recupera√ß√£o', '2018', 'crescimento', '.', 'https://t.co/xzhefqwf8v']"
155,31-01-2018 22:05:08,"['governo', 'realizando', 'mudan√ßas', 'estruturais', ',', ',', 'necess√°rias', '.', 'importante', 'seguir', 'encarando', 'desafios', 'frente', ',', ',', 'reformas', 'salto', 'desenvolvimento', 'brasileiro', 'sonha', 'merece', '.', 'https://t.co/dn7htz3adv']"
156,31-01-2018 19:01:28,"['setor', 'boas', 'proje√ß√µes', '2018', '.', 'estabilidade', 'economia', 'infla√ß√£o', 'baixa', ',', 'compra', 'fam√≠lias', 'aumenta', 'reflete', 'consumo', '.', 'https://t.co/qorvkr72y9']"
157,31-01-2018 14:18:12,"['dados', 'divulgados', 'ibge', 'mostram', 'crescimento', '811', 'postos', 'trabalho', 'outubro', 'dezembro', '2017', '.', 'https://t.co/iu9v2jfaja']"
158,31-01-2018 00:34:06,"['manh√£', ',', 'rio', 'verde', '(', 'go', ')', ',', 'participei', 'lan√ßamento', 'programa', 'disponibilizar', 'r', '$', '12,5', 'bilh√µes', 'juros', 'subsidiados', 'financiar', 'safra', 'agr√≠cola', '2018/2019', '.', 'agroneg√≥cio', 'merece', 'admira√ß√£o', '!', 'https://t.co/kxajbvfbuy']"
159,30-01-2018 22:40:25,['https://t.co/mtuxowknrv']
160,30-01-2018 10:41:21,"['dia', '!', 'vivo', 'r√°dio', '@bandeirantes820', 'conversando', 'amigos', 'goi√°s', ':', 'https://t.co/q3einpbusq']"
161,29-01-2018 22:08:07,"['recupera√ß√£o', 'economia', 'brasileira', '5', 'gr√°ficos', '.', 'confira', '!', 'https://t.co/pbogtxjdwe']"
162,29-01-2018 20:24:16,"['goi√¢nia', 'debatendo', 'perspectivas', 'economia', 'brasileira', 'empreendedores', 'associados', 'cooperativa', 'cr√©dito', '.', 'https://t.co/lkjunv2oyw']"
163,29-01-2018 16:23:15,"['not√≠cia', 'economia', 'brasileira', '.', 'confian√ßa', 'crescendo', 'diversos', 'setores', 'pren√∫ncio', 'investimento', ',', 'crescimento', ',', 'emprego', '.', 'https://t.co/zgbslwf735']"
164,28-01-2018 22:06:29,"['compartilho', 'trecho', 'entrevista', '@canallivre', 'band', '.', 'assist√≠-la', '√≠ntegra', ',', 'acesse', ':', 'https://t.co/skhk4jqpaa', 'https://t.co/rzb2i8bm55']"
165,28-01-2018 14:36:50,['https://t.co/gpe6mwf2gs']
166,27-01-2018 16:44:59,"['dia', 'f√≥rum', 'econ√¥mico', 'mundial', '.', 'brasil', '√≥tima', 'participa√ß√£o', 'fortalece', 'ano', 'processo', 'reformas', 'moderniza√ß√£o', 'economia', 'realizando', '.', 'compartilho', 'v√≠deo', 'resumo', 'atividades', 'evento', '.', 'https://t.co/1orn6f5yc8']"
167,26-01-2018 14:17:07,"['confian√ßa', 'consumidor', 'cresceu', 'consecutivo', '.', '√≠ndice', 'mostra', 'varia√ß√£o', 'positiva', 'ocorreu', 'fam√≠lias', 'renda', ',', 'fruto', 'melhora', 'percep√ß√£o', 'situa√ß√£o', 'financeira', 'atual', '.', 'https://t.co/oeofun6nly']"
168,25-01-2018 22:14:21,"['parab√©ns', 'paulo', 'anivers√°rio', '.', 'cidade', 'generosa', ',', 'acolheu', 'juventude', ',', 'fiz', 'faculdade', 'engenharia', ',', 'trabalhei', 'vida', 'privil√©gio', 'viver', 'hoje', '.', '#sp464anos', 'https://t.co/vaoldf2q9p']"
169,25-01-2018 20:30:29,"['positiva', 'reuni√£o', 'secret√°rio', 'tesouro', 'americano', '@stevenmnuchin1', '.', 'declarou', 'pessoal', 'entrada', 'brasil', 'ocde', 'visitar', 'mar√ßo', 'avan√ßarmos', 'trabalho', 'conjunto', 'benef√≠cio', 'pa√≠ses', '.', 'üáß', 'üá∑', 'üá∫', 'üá∏', 'https://t.co/rrvisz7abp']"
170,25-01-2018 18:56:04,"['vis√£o', 'empresas', 'internacionais', 'brasil', ',', 'ano', 'davos', ',', 'positiva', 'ano', 'passado', '.', 'confian√ßa', 'traduzir√°', 'investimentos', 'empregos', '.', 'https://t.co/jmkvqcj65e']"
171,25-01-2018 16:50:37,"['dia', 'trabalho', 'f√≥rum', 'econ√¥mico', 'mundial', '.', 'v√≠deo', ',', 'resumo', 'atividades', 'hoje', 'direto', 'davos', '.', 'https://t.co/qcu7wofeyl']"
172,25-01-2018 11:32:33,"['compartilho', 'trecho', 'entrevista', 'concedi', 'rede', 'americana', '@cnbc', '.', 'import√¢ncia', 'reformas', 'proje√ß√µes', 'crescimento', 'economia', 'brasileira', '2018', 'pauta', '.', 'https://t.co/aage05uunp']"
173,24-01-2018 16:01:12,['https://t.co/qmvjctpqc6']
174,24-01-2018 12:31:13,"['participando', ',', ',', 'painel', '""', 'di√°logo', 'estrat√©gia', 'brasil', '""', 'f√≥rum', 'econ√¥mico', 'mundial', 'davos', '@wef', '.', 'https://t.co/xwjfyqm5yh']"
175,23-01-2018 21:40:40,"['caros', ',', ',', 'facebook', '.', 'acompanhem', ':', 'https://t.co/eisi0o3jjc', 'https://t.co/eeiogekibb']"
176,23-01-2018 10:01:15,"['excelente', 'reuni√£o', 'ministro', 'finan√ßas', 'reino', 'unido', '@philiphammonduk', '.', 'assista', 'v√≠deo', 'conhe√ßa', 'principais', 'assuntos', 'econ√¥mica', 'tratamos', 'pa√≠ses', '.', 'https://t.co/dcgk2vvqsz']"
177,22-01-2018 15:28:27,"['3', 'milh√µes', 'brasileiros', 'trabalharam', 'carteira', 'assinada', '1971', '1988', 'direito', 'sacar', 'recurso', '.', 'informa√ß√µes', ':', 'https://t.co/i1b0rtxgbq', 'https://t.co/pvlgggwlly']"
178,22-01-2018 12:40:58,"['caf√©', 'manh√£', 'investidores', 'internacionais', 'londres', '.', 'atentos', 'recupera√ß√£o', 'economia', 'oportunidades', 'investimentos', 'brasil', '.', 'https://t.co/hoxysnwqxm']"
179,21-01-2018 23:33:41,"['hoje', 'meia', 'noite', 'ar', 'entrevista', 'programa', '@canallivre', 'band', '.', 'https://t.co/psl2wfnydg']"
180,21-01-2018 19:57:21,"['semana', 'participo', 'davos', 'f√≥rum', 'econ√¥mico', 'mundial', '.', 'evento', 'importante', 'trazer', 'investimentos', 'aumentar', 'inser√ß√£o', 'internacional', 'brasil', '.', 'https://t.co/jsviee6sxn']"
181,21-01-2018 18:07:22,"['resultados', 'mostram', 'sa√≠mos', 'recess√£o', 'hist√≥ria', 'seguimos', 'avan√ßando', 'dire√ß√£o', 'certa', '.', 'https://t.co/5f7rk35prl']"
182,18-01-2018 21:59:16,"['vivemos', 'recentemente', 'pior', 'crise', 'hist√≥ria', '.', 'pa√≠s', 'voltou', 'crescer', '2017', 'ano', 'pib', 'crescer√°', '3', '%', '.', 'retomada', 's√≥lida', 'curto', 'espa√ßo', 'recuperando', 'empregos', 'compra', 'brasileiros', '.', 'https://t.co/jql61cpfhz']"
183,18-01-2018 16:22:50,"['in√≠cio', '2017', ',', 'proje√ß√µes', 'indicavam', 'crescimento', '0,5', '%', 'pib', 'ano', '.', 'https://t.co/ez9beogl37']"
184,18-01-2018 11:04:23,"['dia', '.', 'vivo', 'r√°dio', 'metr√≥pole', 'salvador', 'conversando', 'amigos', 'bahia', '.', 'acompanhe', '!', 'https://t.co/evabm8akp3']"
185,16-01-2018 18:48:32,"['confian√ßa', 'investidores', 'alta', 'economia', 'brasileira', '.', 'recorde', 'bolsa', 'valores', 'traduz', 'investimentos', 'empregos', '.', 'https://t.co/xk5irpl4bg']"
186,16-01-2018 16:19:38,"['reformas', 'estruturais', ',', 'intenso', 'trabalho', 'curso', 'desburocratiza√ß√£o', 'pa√≠s', 'produzir', 'melhor', '.', 'confira', 'v√≠deo', '.', 'https://t.co/dtdorkapxr']"
187,15-01-2018 22:12:43,"['pib', 'cresceu', 'fortemente', 'novembro', ',', 'ibc-br', ',', '√≠ndice', 'crescimento', 'pib', 'calculado', 'banco', 'central', '.', 'https://t.co/l4kjhrwarq']"
188,15-01-2018 16:17:49,"['22', 'segmentos', 'industriais', 'pesquisados', ',', '18', 'apresentaram', 'crescimento', 'compara√ß√£o', 'per√≠odo', '2016', '.', 'atividade', 'industrial', 'segue', 'franca', 'recupera√ß√£o', '.', 'https://t.co/kysjxn0ss3']"
189,15-01-2018 12:08:19,"['proje√ß√µes', '@cni_br', 'economia', 'brasileira', '2018', '.', 'seguindo', 'implanta√ß√£o', 'reformas', 'moderniza√ß√£o', 'economia', ',', 'resultados', 'tendem', 'melhores', '.', 'https://t.co/hietudjqqi']"
190,14-01-2018 15:13:11,"['confira', 'v√≠deo', 'evolu√ß√£o', 'despesas', 'governo', 'federal', '√∫ltimos', '25', 'anos', 'impacto', 'teto', 'gastos', 'equil√≠brio', 'finan√ßas', 'p√∫blicas', '.', 'https://t.co/nk8rjzku7p']"
191,14-01-2018 11:30:43,"['""', 'governo', 'espera', 'retomada', 'mercado', 'trabalho', '2018', ',', 'gera√ß√£o', 'cerca', '2,5', 'milh√µes', 'postos', 'trabalho', ',', 'pib', 'avan√ßar', '3', '%', 'ano', '""', '.', 'https://t.co/qigsxvzh7u', 'https://t.co/fhvhah5got']"
192,13-01-2018 17:45:21,"['seguimos', 'avan√ßando', '.', 'https://t.co/cqna19vjuu']"
193,12-01-2018 00:21:47,"['leia', 'nota', 'oficial', 'minist√©rio', 'fazenda', 'revis√£o', 'nota', 'cr√©dito', 's', '&', 'p:', 'https://t.co/0zdicpeoh5', 'https://t.co/yd85uikfwr']"
194,11-01-2018 22:03:15,"['crescimento', 'exporta√ß√µes', 'carros', 'destaque', 'imprensa', 'internacional', '.', 'cresceram', '46,5', '%', '2017', '.', 'https://t.co/74qj9wjs7h']"
195,11-01-2018 16:06:25,['https://t.co/ktkw7bqqj1']
196,11-01-2018 12:26:17,"['vivo', '@datenaoficial', '@rbandeirantes', '.', 'acompanhe', '!', 'https://t.co/vladuxlods']"
197,11-01-2018 11:16:40,"['infla√ß√£o', 'controle', 'vital', ':', 'üëâ', 'preserva', 'compra', 'protege', ',', 'sobretudo', ',', 'pessoas', 'pobres', '.', 'üëâ', 'permite', 'possam', 'planejar', 'melhor', 'vidas', '.', 'https://t.co/fhlnaqputa']"
198,10-01-2018 17:07:20,"['√≠ndice', 'reflete', 'otimismo', 'economia', 'planos', 'contrata√ß√£o', 'empresas', 'pr√≥ximos', '.', '√≥timo', 'sinal', 'gera√ß√£o', 'empregos', '2018', '.', 'https://t.co/acfpgkglgm']"
199,10-01-2018 13:04:54,"['importante', 'medida', 'governo', 'reduzir', 'gastos', 'tornar', 'eficientes', 'servi√ßos', 'p√∫blicos', '.', 'https://t.co/u7x8yqf3s5']"
200,09-01-2018 16:21:08,"['atividades', 'com√©rcio', 'varejista', 'pesquisadas', ',', 'apresentaram', 'crescimento', '.', 'üëá', 'https://t.co/mfonrhurdt']"
201,09-01-2018 15:36:34,"['crescimento', 'vendas', 'com√©rcio', 'novembro', '.', 'considerarmos', 'dado', '""', 'varejo', 'ampliado', '""', 'inclui', 've√≠culos', 'material', 'constru√ß√£o', ',', 'resultado', 'melhor', ',', '+8,7', '%', '.', 'https://t.co/i1qufktcjq']"
202,08-01-2018 17:43:58,"['junto', 'ministro', 'dyogo', '@planejamentobr', ',', 'participo', 'entrevista', 'coletiva', 'imprensa', '.', 'acompanhe', 'vivo', ':', 'https://t.co/p42zqzhuj8']"
203,07-01-2018 12:24:23,"['economia', 'brasileira', 'come√ßou', '2018', 'p√©', 'direito', '.', 'confira', 'resultados', '!', 'https://t.co/zshkqyll2k']"
204,06-01-2018 18:35:56,"['2015', '2016', 'brasileiros', 'sacaram', 'recursos', 'poupan√ßa', 'proteger', 'crise', ',', 'melhora', 'economia', '2017', ',', 'voltar', 'poupar', '.', 'https://t.co/6jex3tm8yf']"
205,05-01-2018 22:18:52,"['risco', 'brasil', ':', 'üëâ', 'caiu', 'metade', 'mudan√ßa', 'governo', '.', 'üëâ', 'segue', 'caindo', ',', ',', 'brasil', 'atrair√°', 'investimentos', '.', 'https://t.co/i2ccbyko8v']"
206,05-01-2018 18:38:40,"['4', 'anos', 'queda', ',', 'venda', 've√≠culos', 'cresceu', 'fortemente', '2017', 'previs√µes', '2018', 'melhores', '.', 'https://t.co/socu36bghi']"
207,05-01-2018 13:13:21,"['ind√∫stria', 'segue', 'franca', 'recupera√ß√£o', ',', 'apontam', 'dados', 'ibge', 'novembro', '.', 'comparado', 'per√≠odo', '2016', ':', '-', 'expans√£o', '20', '26', 'ramos', 'pesquisados', '-', 've√≠culos', 'automotores', 'cresceram', '18,8', '%', '-', 'eletrodom√©sticos', 'linha', 'branca', 'cresceram', '18,6', '%', 'https://t.co/8bdngvaxlw']"
208,04-01-2018 19:06:39,"['@silvioluiz', '@caixa', '4', '.', 'pr√°tica', 'aconteceu', ',', 'problemas', 's√©rios', ',', 'consequ√™ncias', 'graves', 'pa√≠s', '.', '2015', ',', 'petrobras', 'assumiu', '60', 'bi', 'preju√≠zo', 'a√ß√µes', 'eleitorais', 'pre√ßo', 'gasolina', '.']"
209,04-01-2018 19:06:20,"['@silvioluiz', '@caixa', '3', '.', ',', 'pre√ßos', 'definidos', 'petrobr√°s', ',', 'baseada', 'custos', 'petr√≥leo', 'mercado', 'internacional', ',', 'crit√©rios', 'pol√≠ticos', '.']"
210,04-01-2018 19:06:00,"['@silvioluiz', '@caixa', '2', '.', 'governo', ',', 'contr√°rio', 'momentos', ',', 'pre√ßos', 'gasolina', 'definidos', 'minist√©rio', 'fazenda', '.']"
211,04-01-2018 19:05:46,"['@silvioluiz', '@caixa', '1', '.', 'pre√ßos', 'gasolina', 'altos', 'gostar√≠amos', '.']"
212,04-01-2018 15:34:53,"['dito', 'reiteradas', 'decidirei', 'candidatura', 'abril', '.', 'foco', '100', '%', 'voltado', 'trabalho', 'organizar', 'contas', 'p√∫blicas', ',', 'economia', 'crescer', 'gerar', 'empregos', '.']"
213,04-01-2018 13:25:30,"['recorde', 'bolsa', 'valores', 'evolu√ß√£o', '√∫ltimos', 'acompanha', 'processo', 'recupera√ß√£o', 'otimismo', 'economia', '.', 'significa', 'investimentos', 'empresas', 'empregos', 'brasileiros', '.', 'https://t.co/tlvtt18xuc']"
214,03-01-2018 16:06:05,"['empres√°rio', ',', 'pequeno', 'porte', ',', 'precisa', 'confian√ßa', 'pa√≠s', 'continuar', 'crescendo', 'investir', 'neg√≥cio', '.', ',', 'confian√ßa', ',', 'crescimento', 'economia', '.']"
215,03-01-2018 16:00:37,"['√≠ndice', 'confian√ßa', 'empresarial', '(', 'ice', ')', 'cresceu', '1,2', 'dezembro', 'atingiu', 'melhor', 'marca', 'abril', '2014', '.', 'assumimos', '@fazendagovbr', ',', 'cresceu', '20', '.', 'https://t.co/z3x7u7fl6q']"
216,03-01-2018 12:28:31,"['2017', ',', 'resultados', 'economia', 'brasileira', 'superaram', 'previs√µes', '.', 'compartilho', 'proje√ß√µes', '2018', '.', 'https://t.co/3er3hgmzcc']"
217,02-01-2018 21:59:27,"['super√°vit', 'comercial', '2017', 'melhor', 'resultado', 'registrado', 'hist√≥ria', '.', 'exporta√ß√µes', 'voltaram', 'crescer', '5', 'anos', '.', 'importa√ß√µes', 'voltaram', 'crescer', '3', 'anos', '.', 'recupera√ß√£o', 'economia', 'segue', 'firme', 'forte', '.', 'https://t.co/rexuy383ff']"
218,02-01-2018 19:16:29,"['oportunidade', 'come√ßar', '2018', 'adquirindo', 'casa', 'pr√≥pria', '.', '@caixa', 'elevando', '50', '%', '70', '%', 'cota', 'financiamento', 'compra', 'im√≥veis', 'usados', '.', 'https://t.co/dmfq5jn79j']"
219,02-01-2018 12:13:51,"['indicativo', 'rumo', 'certo', '.', '2018', 'ano', 'resultados', 'brasil', 'brasileiros', '.', 'https://t.co/cdnpbk3wsb']"
220,31-12-2017 23:50:49,"['ano', 'permita', 'realiza√ß√£o', 'desejos', ',', 'fam√≠lia', 'brasil', '.', 'vamos', 'juntos', 'construir', 'pa√≠s', 'sonham', '.', 'feliz', '2018', '!', 'https://t.co/wanu19nvpt']"
221,30-12-2017 19:23:46,['https://t.co/3yssafclvd']
222,30-12-2017 15:17:37,"['brasileiro', 'dignidade', 'sustentar', 'fam√≠lia', '.', 'papel', 'comando', 'pol√≠tica', 'econ√¥mica', 'criar', 'oportunidades', '.', 'https://t.co/nrvefyqcza']"
223,29-12-2017 22:16:51,['https://t.co/r2tpbfe9vk']
224,29-12-2017 20:39:59,"['2017', ',', 'criados', 'cerca', '2', 'milh√µes', 'postos', 'trabalho', '.', 'rendimento', 'real', 'm√©dio', 'cresceu', 'trimestre', '.', 'fortes', 'indicativos', 'economia', 'rumo', 'certo', '.', 'https://t.co/5ymveoueto']"
225,28-12-2017 22:59:31,"['convic√ß√µes', 'considero', 'fundamentais', 'crescimento', 'economia', 'futuro', 'brasil', '.', 'https://t.co/atwnyqzoxa']"
226,28-12-2017 22:01:44,"['@silvioluiz', ',', 'infla√ß√£o', 'controle', ',', 'pre√ßos', 'subiram', 'meta', ',', 'sal√°rios', 'voltando', 'crescer', ',', 'brasileiros', 'sentir', ',', 'poucos', ',', 'sal√°rio', 'permite', 'comprar', '.']"
227,28-12-2017 22:01:15,"['@silvioluiz', 'silvio', ',', 'infla√ß√£o', 'velocidade', 'pre√ßos', 'sobem', ',', '√∫ltimos', 'subiu', 'redor', '3', '%', '.', 'pre√ßos', 'subiram', 'governo', 'anterior', ',', 'gerando', 'infla√ß√£o', 'alta', 'percep√ß√£o', 'sobe', '.']"
228,28-12-2017 20:48:21,"['aumento', 'confian√ßa', 'gera', 'investimento', ',', 'gera', 'crescimento', ',', 'gera', 'empregos', '.', 'ciclo', 'virtuoso', 'intenso', '2018', '.', 'https://t.co/evre7e7oan']"
229,28-12-2017 18:29:26,"['divis√£o', 'pol√≠tica', 'agu√ßada', 'pa√≠s', 'atrapalhar', 'processo', 'retomada', 'crescimento', 'moderniza√ß√£o', 'economia', '.', 'https://t.co/fmtkesaf1u']"
230,27-12-2017 22:43:26,['https://t.co/z9awpsvxaz']
231,27-12-2017 22:08:15,['https://t.co/xadp84ypnd']
232,27-12-2017 21:37:43,['https://t.co/nkfxn6mfrv']
233,27-12-2017 21:03:27,['https://t.co/tmxxhinja8']
234,27-12-2017 20:32:13,['https://t.co/jqzr7hjlll']
235,27-12-2017 20:00:34,['https://t.co/pknxdjtcyw']
236,27-12-2017 19:40:45,"['ano', 'balan√ßos', 'retrospectivas', '.', 'comparar', 'indicadores', 'econ√¥micos', '2016', 'atuais', ',', 'podemos', 'forte', 'recupera√ß√£o', 'economia', 'brasileira', '2017', '.', 'dados', '!', 'üëÜ', 'https://t.co/dbnnoyorfy']"
237,27-12-2017 16:16:24,"['apesar', 'pequena', 'varia√ß√£o', 'negativa', 'novembro', ',', 'pa√≠s', 'segue', 'saldo', 'positivo', 'cria√ß√£o', 'empregos', 'formais', '2017', '.', 'melhora', 'compara√ß√£o', '2015', '2016', 'substancial', 'avan√ßo', 'r√°pido', '.', 'https://t.co/qi6dh81vag']"
238,27-12-2017 13:27:01,"['rt', '@fazendagovbr', ':', 'nacional', 'seguros', 'privados', '(', 'cnsp', ')', 'aprovou', 'redu√ß√£o', '35', '%', 'seguro', 'obrigat√≥rio', 'dpvat', '‚Ä¶']"
239,26-12-2017 18:58:54,"['previs√µes', 'confirmaram', 'com√©rcio', 'melhor', 'natal', '√∫ltimos', 'anos', '.', 'https://t.co/xxiw3nirj4']"
240,26-12-2017 16:38:48,"['tirar', 'pa√≠s', 'grave', 'crise', 'econ√¥mica', 'exigiu', 'enorme', 'esfor√ßo', 'a√ß√µes', 'corajosas', 'eficazes', '.', 'confira', 'v√≠deo', '!', 'https://t.co/ylb7m8vsxm']"
241,23-12-2017 12:16:07,"['desejo', 'aben√ßoado', 'natal', 'pr√≥spero', '2018', 'fam√≠lia', '!', 'https://t.co/hchzvw5ose']"
242,22-12-2017 22:10:22,"['fundamental', 'ressaltar', 'coragem', 'promover', 'reformas', 'brasil', 'precisa', '.']"
243,22-12-2017 22:09:50,"['presidente', 'temer', ',', 'encontro', 'jornalistas', 'bras√≠lia', ',', 'balan√ßo', '2017', 'perspectivas', '2018', '.']"
244,21-12-2017 21:16:50,"['assista', 'programa', 'nacional', 'psd', 'ar', 'hoje', 'noite', '.', 'https://t.co/woaf4vkenh']"
245,21-12-2017 16:47:29,"['gr√°fico', 'mostra', 'atual', 'governo', 'percentual', 'sal√°rio', 'm√≠nimo', 'comprometido', 'compra', 'cesta', 'b√°sica', '.', 'aumento', 'compra', 'in√∫meros', 'benef√≠cios', 'estabilidade', 'econ√¥mica', '.', 'https://t.co/9uikwtfobc']"
246,21-12-2017 11:38:25,"['reformas', 'aprovadas', 'debate', ',', 'tantas', 'sendo', 'implementadas', 'agenda', 'microecon√¥mica', '.', 'objetivo', ':', 'modernizar', 'economia', 'pa√≠s', 'produza', 'melhor', '.', 'https://t.co/ljogr2uagb']"
247,20-12-2017 22:29:55,"['evento', 'l√≠deres', 'brasil', 'reuniu', 'empres√°rios', 'pa√≠s', '.', 'conversa', 'vendas', 'aumentaram', 'confiantes', 'perspectivas', 'economia', '2018', '.', 'https://t.co/r0zvenik47']"
248,20-12-2017 19:14:12,"['pesquisa', 'divulgada', '@cni_br', 'indica', 'aumento', 'atividade', 'industrial', 'proje√ß√£o', 'investimentos', 'setor', '2018', '.', 'fatores', 'impulsionam', 'crescimento', 'gera√ß√£o', 'melhores', 'empregos', '.', 'https://t.co/exrpibz3lw']"
249,19-12-2017 23:55:31,['https://t.co/hsezjgrift']
250,19-12-2017 23:10:54,"['ceia', 'natalina', 'pesar', 'bolso', 'brasileiros', '2016', '.', 'com√©rcio', 'preparando-se', 'termos', 'melhor', 'natal', '√∫ltimos', 'anos', '.', 'https://t.co/uz2xbd90bb']"
251,19-12-2017 14:33:44,"['participo', ',', ',', 'painel', '""', '2018', 'economia', 'brasileira', '?', '""', ',', 'promovido', '@correio', 'braziliense', '.', 'acompanhe', 'vivo', ':', 'https://t.co/xpogepgysz', 'https://t.co/c49pox7fzb']"
252,19-12-2017 00:08:20,"['divulgado', 'hoje', ',', '√≠ndice', 'mede', 'atividade', 'ind√∫stria', ',', 'com√©rcio', '/', 'servi√ßos', 'agropecu√°ria', ',', 'confirma', 'tend√™ncia', 'crescimento', 'economia', 'brasileira', '.', 'https://t.co/xoi0ov6kuh']"
253,18-12-2017 19:13:06,['https://t.co/qopwsmkx8s']
254,18-12-2017 16:00:16,['https://t.co/wdkr5aj7sc']
255,18-12-2017 13:26:03,['https://t.co/jo6jcnhdeh']
256,17-12-2017 12:01:08,['https://t.co/wd6nv4ndwb']
257,16-12-2017 22:07:21,"['entrevistado', 'programa', '#robertodavila', '.', 'entrevista', 'completa', ',', 'dispon√≠vel', 'link', ':', 'https://t.co/p7idizjcyz', 'https://t.co/vyt8pkwtvo']"
258,15-12-2017 12:40:40,"['aprova√ß√£o', 'reforma', 'previd√™ncia', 'espa√ßo', 'crescimento', '.']"
259,15-12-2017 12:36:07,"['crescimento', '2018', 'indica', 'forte', 'recupera√ß√£o', 'economia', '.', 'lembrando', 'vivemos', 'pior', 'recess√£o', 'hist√≥ria', ',', 'pib', 'caindo', '7', '%', ',', '2015', '2016', '.']"
260,15-12-2017 12:32:31,"['previs√µes', 'atualizadas', 'crescimento', 'pib', ',', 'infla√ß√£o', 'c√¢mbio', 'divulgamos', '.', 'https://t.co/cyqccxcud5']"
261,15-12-2017 11:48:19,"['rt', '@reinaldoazevedo', ':', 'https://t.co/ptmpiccvdt']"
262,14-12-2017 13:07:14,"['vivo', ':', 'entrevista', 'coletiva', 'proje√ß√µes', 'crescimento', 'economia', '2018', '.', 'https://t.co/zgxi3xzn1p']"
263,13-12-2017 23:22:05,"['ibge', 'divulgados', 'hoje', 'mostram', 'vis√≠vel', 'evolu√ß√£o', 'vendas', 'com√©rcio', '.', 'outubro', ',', 'crescimento', '2,5', '%', 'per√≠odo', '2016', '.', 'indica', 'melhor', 'natal', 'anos', '.', 'https://t.co/8qs7xmx0hr']"
264,13-12-2017 22:50:31,"['manaus', 'entusiasmo', 'empreendedores', ',', 'especialmente', 'jovens', ',', 'pa√≠s', '.', 'buscando', 'investir', ',', 'progredir', 'levar', 'brasil', 'pra', 'frente', '!', 'https://t.co/0ymsugkpvb']"
265,13-12-2017 15:30:13,['https://t.co/7nurs4dfyy']
266,12-12-2017 20:11:56,"['exatos', '19', 'trabalhando', 'frente', '@fazendagovbr', '.', 'v√≠deo', ',', 'comparativo', 'economia', 'hoje', '.', 'confira', '!', 'https://t.co/pnt1dtrpzw']"
267,12-12-2017 16:48:44,"['indicador', 'amplia', 'previs√£o', 'crescimento', 'economia', '2018', '.', 'investidores', 'institui√ß√µes', 'internacionais', 'importantes', 'voltaram', 'confiar', 'brasil', '.', 'https://t.co/w6a3i8xvx8']"
268,11-12-2017 14:11:54,"['honrado', 'pr√™mio', 'recebi', '@revistaistoe', '√∫ltima', 'semana', '.', 'compartilhar', 'reconhecimento', 'equipe', 'trabalhador', 'brasileiro', '.', '#brasileirosdoano', '#economia', 'https://t.co/yfcnidqbxv']"
269,11-12-2017 12:35:17,"['confira', 'principais', 'resultados', 'economia', 'brasileira', '!', 'https://t.co/5oga0gi1nu']"
270,10-12-2017 12:54:47,"['@renatocursage', '@pilarm27000', ',', 'renato', '.']"
271,10-12-2017 12:54:41,"['@andersontm02', 'verdade', ',', 'anderson', '.', 'abra√ßo', '!']"
272,10-12-2017 12:53:48,"['@williamtoscano7', 'natural', 'rec√©m', 'sa√≠mos', 'forte', 'recess√£o', 'hist√≥ria', '.', 'pr√≥ximos', ',', 'melhora', 'indicadores', 'percept√≠vel', '.']"
273,10-12-2017 12:52:25,"['@thobiasss', '@fieam', 'disposi√ß√£o', '.', 'abra√ßo', '!']"
274,10-12-2017 12:51:57,"['@prjorgesouza', '.', 'abra√ßo', '!']"
275,09-12-2017 18:40:28,"['outro', 'resultado', 'expressivo', 'setor', 'economia', 'sofreu', 'durante', 'per√≠odo', 'recess√£o', '.', 'https://t.co/zkogbfmocg']"
276,09-12-2017 15:32:39,"['participei', ',', 'rio', 'janeiro', ',', '‚Äú', 'semin√°rio', 'avalia√ß√£o', 'risco', 'brasil', '‚Äù', 'organizado', '@fgv', '@spglobal', '.', 'evento', 'discutir', 'oportunidades', 'oferece', 'pa√≠s', '.', 'https://t.co/adpvwn8vlx']"
277,08-12-2017 22:57:32,['https://t.co/dlljy3osf1']
278,08-12-2017 22:49:29,"['inpc', ',', 'abrange', 'consumo', 'fam√≠lias', 'renda', '(', '1', '5', 'sal√°rios', 'm√≠nimos', 'mensais', ')', ',', 'registrou', 'infla√ß√£o', 'baixa', 'ipca', '√∫ltimos', '12', '.', 'queda', 'pre√ßo', 'alimentos', 'peso', 'resultado', '.', 'https://t.co/4vi9eh0p4p']"
279,08-12-2017 12:10:10,"['forte', 'virada', '2017', '.', 'viemos', 'per√≠odo', 'infla√ß√£o', 'alta', ',', 'juros', 'altos', 'recess√£o', '.', 'infla√ß√£o', 'baixa', ',', 'juros', 'hist√≥ria', 'crescimento', 'pib', 'empregos', '.', 'reformas', 'curso', ',', '2018', 'melhor', '.', 'https://t.co/rbskx73hxb']"
280,08-12-2017 12:06:53,"['dia', '.', 'saiu', ',', ',', 'resultado', '√≠ndice', 'infla√ß√£o', '(', 'ipca', ')', '.', 'novembro', 'varia√ß√£o', '0,28', '%', 'acumulado', 'ano', '(', 'jan-nov', ')', ',', '2,5', '%', '.', 'https://t.co/wyw9medyxj']"
281,07-12-2017 21:43:48,"['manaus', ',', 'dialogando', 'setor', 'produtivo', 'amazonas', 'evento', '@fieam', '.', 'https://t.co/8edgh9uc3i']"
282,07-12-2017 13:59:21,['https://t.co/q1csnkwqth']
283,07-12-2017 13:51:08,"['indicativo', 'recupera√ß√£o', 'economia', '.', 'significa', ',', 'profunda', 'recess√£o', ',', 'popula√ß√£o', 'ganhando', 'f√¥lego', 'finan√ßas', 'conseguindo', 'poupar', 'futuro', '.', 'https://t.co/5okdsudcsa']"
284,06-12-2017 23:17:37,"['acompanhando', 'decis√£o', 'copom', ',', 'banco', 'brasil', 'bancos', 'anunciaram', 'corte', 'taxas', '.', 'manifesta√ß√£o', 'not√≠cia', ',', 'cni', 'lembrou', 'trajet√≥ria', 'queda', 'juros', 'insustent√°vel', 'congresso', 'aprovar', 'reformas', 'estruturais', 'economia', 'precisa', '.', 'https://t.co/bdqhkhbxcr']"
285,06-12-2017 18:58:36,"['infla√ß√£o', 'cai', ',', 'maiores', 'beneficiados', 'fam√≠lias', 'pobres', '.', 'importante', 'redu√ß√£o', 'pre√ßos', 'alimentos', 'acontecendo', ',', 'fortemente', ',', 'ano', '.', 'https://t.co/zjbyrjq8td']"
286,05-12-2017 19:52:34,"['comparado', 'anos', 'anteriores', ',', 'observar', 'forte', 'guinada', 'ocorrida', '√∫ltimos', '12', '.', 'crescimento', 'ind√∫stria', 'pren√∫ncio', 'melhores', 'empregos', 'frente', '.', 'https://t.co/y7tebvzeg9']"
287,05-12-2017 19:48:34,['https://t.co/96ud7hribc']
288,05-12-2017 14:44:00,"['√≥timo', 'resultado', 'mostra', 'retomada', 'economia', 'brasileira', '.', '24', 'ramos', 'pesquisados', 'ibge', ',', '15', 'apresentaram', 'alta', '.', 'https://t.co/ky685wwpux']"
289,04-12-2017 21:03:25,"['risco', ',', 'custo', 'cr√©dito', ',', 'consequ√™ncia', ',', 'atividade', 'econ√¥mica', ',', 'volume', 'investimentos', 'gera√ß√£o', 'empregos', '.']"
290,04-12-2017 21:01:56,"['parecer', 'distante', 'dia-a-dia', ',', 'diminui√ß√£o', '‚Äú', 'risco', 'brasil', '‚Äù', 'afeta', 'diretamente', 'vida', '.', 'https://t.co/yg0lng8c18']"
291,04-12-2017 14:59:11,"['participando', ',', ',', '""', 'semin√°rio', 'reavalia√ß√£o', 'risco', 'brasil', '""', ',', 'promovido', '@fgv', '.', 'https://t.co/slbnpvz2xk']"
292,04-12-2017 12:30:09,"['entrevista', 'folha', 'paulo', '.', 'leia', ':', 'https://t.co/ngs1ycobm0', 'https://t.co/9ml12utddo']"
293,03-12-2017 22:18:35,"['semana', 'inicia', 'trabalho', '!', 'https://t.co/ozhlpjyuvy']"
294,03-12-2017 20:32:36,"['@santannaegidio', '!']"
295,03-12-2017 20:31:47,"['@jorgianasilv', 'voltando', '.', 'terminaremos', 'ano', '1', 'milh√£o', 'empregos', 'criados', '.', 'taxa', 'desemprego', 'alta', 'caindo', 'in√≠cio', 'ano', '.']"
296,03-12-2017 20:29:27,"['@carlaopapa', '.', 'trabalho', 'frente', '!']"
297,03-12-2017 18:18:06,"['mat√©ria', '@estad√£o', 'mostra', 'controle', 'infla√ß√£o', 'queda', 'pre√ßo', 'alimentos', 'beneficiado', 'fam√≠lias', 'renda', 'pa√≠s', '.', 'vale', 'pena', 'leitura', '!', 'https://t.co/woejqwvrmu']"
298,03-12-2017 13:39:56,['https://t.co/uruht7me2e']
299,02-12-2017 19:03:51,"['compartilho', 'principais', 'ideias', 'posi√ß√µes', 'defendi', '""', 'amarelas', 'vivo', '""', ',', 'promovido', 'revista', '@veja', '.', 'https://t.co/dszhqudsy8']"
300,01-12-2017 13:31:13,['https://t.co/rtg9d5gdp2']
301,01-12-2017 13:25:54,"['investimento', 'cresceu', '1,6', '%', '3o', 'trimestre', '.', 'resultado', 'positivo', '15', 'trimestres', 'seguidos', 'queda', '.', 'avan√ßo', 'mostra', 'otimismo', 'futuro']"
302,01-12-2017 13:25:00,"['importante', 'destacar', 'desempenho', 'ind√∫stria', 'julho', 'setembro', '.', 'produ√ß√£o', 'f√°bricas', 'instaladas', 'pa√≠s', 'cresceu', '0,8', '%', '.', 'empresas', 'transforma√ß√£o', ',', ',', 'registraram', 'per√≠odo', 'crescimento', '1,4', '%']"
303,01-12-2017 13:24:26,"['avan√ßo', 'acumulado', 'ano', 'setembro', '0,6', '%', ',', 'supera', 'previs√£o', 'inicial', 'economistas', '2017', '.', 'mostra', 'brasil', 'segue', 'trajet√≥ria', 'crescimento']"
304,01-12-2017 13:23:54,"['crescimento', 'pib', 'julho', 'setembro', ',', '0,1', '%', 'trimestre', 'anterior', ',', 'parecer', ',', 'forte', 'analisado', 'setores', '.', 'agricultura', ',', 'caiu', 'raz√µes', 'sazonais', ',', 'crescimento', '1,1', '%']"
305,30-11-2017 19:40:14,['https://t.co/hsrwivni5b']
306,30-11-2017 14:50:19,"['brasil', 'vencendo', 'desemprego', '.', 'dados', 'outubro', 'ibge', 'mostram', 'ano', 'cria√ß√£o', '1,662', 'milh√£o', 'postos', 'trabalho']"
307,30-11-2017 14:49:50,"['massa', 'sal√°rios', 'circula√ß√£o', 'economia', 'cresceu', ',', 'gra√ßas', 'aumento', 'pessoas', 'trabalhando', '.', 'renda', 'm√©dia', 'brasileiros', 'ficou', ',', 'alta', '2,5', '%']"
308,30-11-2017 14:49:22,"['ibge', 'divulgados', 'hoje', 'confirmam', ':', '√≠ndice', 'desemprego', 'pa√≠s', 'alto', ',', 'caindo', 'cont√≠nua', ',', 'mostra', 'brasil', 'deixou', 'recess√£o', 'rumo', 'certo']"
309,29-11-2017 21:51:36,"['recebe', 'pagamentos', 'cheque', 'contar√°', 'dinheiro', 'conta', 'dia', '√∫til', ',', 'independentemente', '.', 'melhoria', 'gra√ßas', 'compensa√ß√£o', 'lan√ßado', '@bancocentralbr', 'torna', 'processo', 'seguro', 'eficiente', '.', 'https://t.co/ohsbfcce9y']"
310,28-11-2017 22:48:25,"['encontro', 'proveitoso', '40', 'ceos', 'empresas', 'organizado', '@bloombergbrasil', '.', 'confiantes', 'mudan√ßas', 'estruturais', 'curso', 'projetando', 'fortes', 'investimentos', 'ano', 'brasil', '.', 'https://t.co/man3mkbwr0']"
311,28-11-2017 19:57:21,"['rt', '@ricamconsult', ':', 'pib', '3o', 'trimestre', 'mostrar', 'acelera√ß√£o', 'crescimento', ',', 'continuar', 'ano', '.', 'https://t.c‚Ä¶']"
312,28-11-2017 17:34:08,"['confian√ßa', 'sobe', ',', 'investimentos', 'empregos', ',', 'expans√£o', ',', 'tendem', 'acelerar', 'crescimento', '.', 'https://t.co/mtmjy9r65r']"
313,28-11-2017 17:32:09,"['√≠ndice', 'confian√ßa', 'consumidor', ',', 'divulgado', 'manh√£', '@fgv', ',', 'subiu', '3,1', 'chegou', '86,8', '.', 'patamar', 'alto', 'outubro', '2014', '.']"
314,27-11-2017 20:49:46,"['boletim', 'focus', 'divulgado', 'hoje', 'ampliou', 'previs√£o', 'crescimento', 'pib', 'ano', '.', 'voltamos', 'crescer', 'pior', 'recess√£o', 'hist√≥ria', '.', 'importante', 'certo', '.', 'https://t.co/oof253mhru']"
315,27-11-2017 18:10:11,"['participo', '""', 'p√°ginas', 'amarelas', 'vivo', '""', ',', 'evento', 'revista', '@veja', 'debatendo', 'rumos', 'brasil', '.', 'acompanhe', ':', 'https://t.co/gr8jgoj7m0']"
316,26-11-2017 20:31:02,"['compartilho', 'encontro', 'startups', 'santa', 'catarina', '.', 'criar', 'condi√ß√µes', 'favor√°veis', 'desenvolvam', 'gerem', 'empregos', 'trabalho', 'di√°rio', 'minist√©rio', 'fazenda', '.', 'https://t.co/znotygz3qr']"
317,25-11-2017 13:07:55,"['santa', 'catarina', 'densidade', 'startups', 'pa√≠s', 'inova√ß√£o', 'pilares', 'desenvolvimento', 'competitividade', '.']"
318,25-11-2017 13:06:44,"['√≥timo', 'encontro', 'jovens', '5', 'startups', 'florian√≥polis', '.', 'destacam', 'pequenas', 'm√©dias', 'empresas', 'crescem', 'brasil', '.', 'grato', 'oportunidade', '!', 'https://t.co/rpjjnbkwfb']"
319,24-11-2017 17:46:22,"['florian√≥polis', 'almocei', 'governador', '@raimundocolombo', 'participei', 'palestra', '""', 'panorama', 'econ√¥mico', 'brasileiro', '""', '@fiesc', '.', 'https://t.co/tw2b6l6e9n']"
320,24-11-2017 10:23:40,['https://t.co/rhpkopwyqs']
321,23-11-2017 19:17:33,"['avan√ßar', '.', 'arrumando', 'finan√ßas', 'p√∫blicas', 'trabalhando', 'aprovar', 'reformas', 'ir√£o', 'garantir', 'crescimento', 'sustentado', 'economia', '.', 'foco', 'gerar', 'empregos']"
322,23-11-2017 19:16:53,"['√≠ndice', 'atividade', 'econ√¥mica', 'banco', 'central', 'outro', 'indicador', 'mostra', 'crescendo', '.', 'registrou', 'avan√ßo', '0,40', '%', 'setembro', 'frente', 'agosto', ',', 'garantindo', 'ganho', '0,58', '%', 'trimestre']"
323,23-11-2017 19:16:26,"['dados', 'ibge', ',', 'desemprego', 'caiu', '2¬∫', 'trimestre', 'consecutivo', 'taxa', 'ocupa√ß√£o', 'cresceu']"
324,23-11-2017 19:16:01,"['melhor', 'outubro', 'gera√ß√£o', 'empregos', '2013', ',', '76.599', 'vagas', 'carteira', 'assinada', ',', 'acordo', 'caged', '.', 'aumento', 'consecutivo', 'vagas', 'formais']"
325,23-11-2017 19:15:37,"['semana', '√≥timas', 'not√≠cias', 'economia', 'brasileira', ',', 'indicadores', 'divulgados', '√∫ltimos', 'dias', 'mostrando', 'ritmo', 's√≥lida', 'recupera√ß√£o', 'cria√ß√£o', 'empregos', 'expans√£o']"
326,08-11-2017 15:38:56,"['atualmente', ',', 'empresa', 'entra', 'processo', 'recupera√ß√£o', 'judicial', 'leva', 'quase', '10', 'anos', 'conseguir', 'arrumar', 'situa√ß√£o', '.', 'regras', 'propondo', 'congresso', 'reduzem', 'permitem', 'empresas', 'condi√ß√µes', 'recupera√ß√£o', 'voltem', 'criar', 'empregos']"
327,08-11-2017 15:36:15,"['recupera√ß√£o', 'empresas', 'economia', ',', 'garante', 'produ√ß√£o', 'manuten√ß√£o', 'empregos']"
328,08-11-2017 15:35:53,"['regras', 'facilitar', 'processo', 'retomada', 'atividade', 'empresas']"
329,08-11-2017 15:34:55,"['vamos', 'mandar', 'congresso', 'projeto', 'lei', 'facilitar', 'recupera√ß√£o', 'judicial', 'empresas', 'dificuldade', 'brasil']"
330,24-10-2017 14:48:00,"['medida', 'cadastro', 'implantado', ',', 'taxas', 'juros', 'cobradas', 'empresas', 'consumidores', 'ir√£o', 'cair']"
331,24-10-2017 14:47:38,"['importante', 'lembrar', ':', 'institui√ß√£o', 'livre', 'acesso', 'dados', 'consumidores', '.', 'continua', 'protegido']"
332,24-10-2017 14:47:13,"['cidad√£o', 'nota', 'cr√©dito', 'dada', 'acordo', 'hist√≥rico', 'pagamentos', 'nota', 'acessada', 'bancos', 'financeiras']"
333,24-10-2017 14:46:48,"['hoje', ',', 'registro', 'd√©bitos', 'd√≠vidas', ',', 'levar', 'conta', 'pessoas', 'pagam', 'dia']"
334,24-10-2017 14:46:27,"['cadastro', 'positivo', 'permitir', 'pessoa', 'empresa', 'pagou', 'contas', 'dia', 'possa', 'acesso', 'cr√©dito', 'barato']"
335,24-10-2017 14:46:10,"['cria√ß√£o', 'cadastro', 'positivo', 'gerar', 'cr√©dito', 'barato', ',', 'acess√≠vel', 'melhor', 'qualidade', 'brasileiros']"
336,20-10-2017 13:00:24,"['teto', 'gastos', ',', 'arrecada√ß√£o', 'significa', 'crescimento', 'despesas', ',', 'ajudar', 'redu√ß√£o', 'r√°pida', 'd√©ficit']"
337,20-10-2017 12:59:42,"['confiantes', 'economia', 'seguir√°', 'melhorando', ',', 'fam√≠lias', 'reduziram', 'endividamento', 'retomaram', 'gastos', ',', 'especial', 'bens', 'dur√°veis']"
338,20-10-2017 12:58:54,"['setembro', ',', 'aumento', 'descontado', 'infla√ß√£o', '8,66', '%', '.', 'janeiro', 'setembro', ',', 'desempenho', 'arrecada√ß√£o', 'melhor', '√∫ltimos', 'anos']"
339,20-10-2017 12:57:32,"['aumento', 'arrecada√ß√£o', '2¬∫', 'consecutivo', 'resultado', 'recupera√ß√£o', 'atividade', ',', 'disseminada', 'diversos', 'setores', 'economia']"
340,10-10-2017 14:43:54,"['brasil', 'ritmo', 'recupera√ß√£o', 's√≥lida', 'caminha', 'ciclo', 'crescimento', 'longo', '√∫ltima', 'd√©cada']"
341,10-10-2017 14:43:24,"['vendas', 've√≠culos', 'pa√≠s', 'cresceu', '24,5', '%', 'setembro', ',', 'compara√ß√£o', '2016']"
342,10-10-2017 14:42:48,"['crescimento', '8,8', '%', 'venda', 'eletroeletr√¥nicos', 'ano', ',', 'ind√∫stria', 'mant√©m', 'rota', 'recupera√ß√£o']"
343,10-10-2017 14:42:15,"['nestas', 'datas', ',', 'com√©rcio', 'anos', 'consecutivos', 'queda', 'vendas', ',', 'ocorrida', 'pior', 'recess√£o', 'economia', 'brasileira', 'viveu']"
344,10-10-2017 14:41:21,"['retomada', 'economia', 'trouxe', 'otimismo', 'setor', 'com√©rcio', ',', 'prev√™', 'crescimento', 'vendas', 'dia', 'crian√ßas', 'ano']"
345,03-10-2017 15:16:09,"['@fgv', 'confiantes', 'melhora', 'economia', ',', 'empresas', 'tendem', 'aumentar', 'investimentos', 'contratar', 'trabalhadores']"
346,03-10-2017 15:15:22,"['√≠ndice', 'confian√ßa', 'empresarial', 'medido', '@fgv', 'mostrou', 'setembro', 'atingiu', 'patamar', '/', '14']"
347,03-10-2017 15:14:52,"['n√≠veis', 'confian√ßa', 'empresas', 'recupera√ß√£o', 'economia', 'subindo']"
348,03-10-2017 15:14:09,"['mostra', 'reverter', 'pior', 'recess√£o', 'hist√≥ria', 'brasil', ',', 'ajudando', 'melhorar', 'vida', 'ganham']"
349,03-10-2017 15:13:32,"['pre√ßo', 'cesta', 'b√°sica', '14¬∫', 'semana', 'queda', 'consecutiva', '.', 'sal√°rio', 'm√≠nimo', 'compra', 'hoje', '16,7', '%', 'comprava', 'ano']"
350,03-10-2017 15:13:06,"['melhora', 'economia', 'reflete', 'dia-a-dia', 'pessoas', ':', 'queda', 'alimentos', 'aumentou', 'compra', 'sal√°rio', 'm√≠nimo']"
351,27-09-2017 15:47:17,"['retomada', 'economia', 'come√ßa', 'frutos', 'criar', 'ambiente', 'atra√ß√£o', 'investimentos', 'estrangeiros']"
352,27-09-2017 15:46:56,"['leil√µes', 'ocorrer', 'pr√≥ximos', 'plano', 'concess√µes', 'modernizar', 'servi√ßos', 'pa√≠s']"
353,27-09-2017 15:46:39,"['concess√µes', 'usinas', 'ir√£o', 'representar', 'investimentos', 'servi√ßos', 'efici√™ncia', 'popula√ß√£o']"
354,27-09-2017 15:45:51,"['leil√£o', 'relevante', 'participa√ß√£o', 'grupos', 'internacionais', '.', 'arrecadamos', 'r', '$', '12,13', 'bilh√µes', ',', '√°gio', 'm√©dio', '9,73', '%', ',', 'acima', 'esperado']"
355,27-09-2017 15:45:22,"['sucesso', 'hoje', 'leil√£o', 'usinas', 'volta', ',', 'sim√£o', ',', 'jaguara', 'miranda', 'confirma', 'trajet√≥ria', 'recupera√ß√£o', 'economia', 'pa√≠s']"
356,15-09-2017 19:04:37,"[',', 'medidas', 'facilitar', 'tomada', 'empr√©stimos', 'formas', 'levantamento', 'recursos']"
357,15-09-2017 19:03:36,"['proposta', 'traz', 'muitas', 'sugest√µes', 'empresas', 'condi√ß√µes', 'quitar', 'd√≠vidas', 'voltar', 'produzir']"
358,15-09-2017 19:02:51,"['projeto', 'ajudar', '7', 'empresas', 'brasil', 'retomar', 'atividades', ',', 'garantindo', 'empregos', 'ajudando', 'recupera√ß√£o', 'economia']"
359,15-09-2017 19:02:24,"['√°reas', 'governo', 'analisando', 'texto', ',', 'encaminhado', 'congresso', 'semana']"
360,15-09-2017 19:02:07,"['elaborada', 'minist√©rio', 'fazenda', 'proposta', 'mudan√ßa', 'lei', 'recupera√ß√£o', 'judicial', ',', 'ampla', 'discuss√£o', 'diversos', 'setores']"
361,13-09-2017 18:45:15,"['seguirei', 'debatendo', 'pol√≠tica', 'econ√¥mica', 'parlamentares']"
362,13-09-2017 18:44:54,"['fiquei', 'honrado', 'palavras', 'deputados', 'psd']"
363,13-09-2017 18:44:24,"['concentrado', 'trabalho', 'fazenda', ',', 'colocar', 'brasil', 'rota', 'crescimento', 'sustentado']"
364,13-09-2017 18:44:13,"['pr√©-candidato', 'presid√™ncia', 'rep√∫blica']"
365,12-09-2017 14:18:46,"['brasil', 'deixou', 'tr√°s', 'recess√£o', 'grave', 'hist√≥ria', 'economia', 'reagindo', 'sustent√°vel']"
366,12-09-2017 14:18:07,"['setores', 'constru√ß√£o', 'civil', 'demoram', 'reagir', 'demonstrar√£o', 'sinais', 'recupera√ß√£o', 'pr√≥ximos', 'trimestres']"
367,12-09-2017 14:16:10,"['subiu', '6,2', '%', 'per√≠odo', 'consumo', 'bens', 'dur√°veis', ',', 'eletrodom√©sticos', ',', 'sinal', 'confian√ßa', 'economia']"
368,12-09-2017 14:14:52,"['compra', 'm√°quinas', 'equipamentos', 'crescimento', '4', '%', '2o', 'tri', ',', 'mostra', 'disposi√ß√£o', 'destes', 'setores', 'investir', 'produ√ß√£o']"
369,12-09-2017 14:14:23,"['compras', 'm√°quinas', 'equipamentos', '2o', 'trimestre', ',', 'consumo', 'bens', 'dur√°veis', ',', 'indicam', 'retomada', 'investimento']"
370,11-09-2017 15:33:07,"['aprova√ß√£o', 'regras', 'previdenci√°rias', ',', 'vamos', 'trabalhar', 'reforma', 'tribut√°ria', ',', 'objetivo', 'simplificar']"
371,11-09-2017 15:32:40,"['lei', 'recupera√ß√£o', 'judicial', 'item', 'agenda', 'produtividade', ',', 'debatido', 'congresso', 'pr√≥ximas', 'semanas']"
372,11-09-2017 15:32:08,"['discuss√µes', 'reforma', 'previd√™ncia', 'retomadas', 'expectativa', 'votada', 'congresso', 'outubro']"
373,08-09-2017 14:41:47,"['vamos', 'entrar', '2018', 'economia', 'crescendo', 'ritmo', 'torno', '3', '%', 'poderemos', 'crescer', '2019']"
374,08-09-2017 14:41:15,"['transforma√ß√µes', 'ajudam', 'retomada', 'confian√ßa', ',', 'queda', 'juros', 'longo', 'prazo', 'previs√£o', 'crescimento', 'pr√≥ximos', 'anos']"
375,08-09-2017 14:40:41,"['aprovamos', 'teto', 'gastos', ',', 'reforma', 'trabalhista', ',', 'tlp', ',', 'lei', 'responsabilidade', 'estatais', ',', 'controlamos', 'infla√ß√£o', 'brasil', 'saiu', 'recess√£o']"
376,08-09-2017 14:40:31,"['brasil', 'pronto', 'seguir', 'agenda', 'reformas', 'iniciada', 'ano', 'passado', '.', 'aprovamos', 's√©rie', 'medidas']"
377,06-09-2017 18:26:45,"['produ√ß√£o', 'emprego', 'setor', 'crescer', ',', 'ajuda', 'reverter', 'consequ√™ncias', 'recess√£o', 'hist√≥ria', ',', 'iniciada', '2014']"
378,06-09-2017 18:26:05,"[',', 'produ√ß√£o', 've√≠culos', 'cresceu', '45', '%', 'agosto', '/', '17', 'agosto', '/', '16', ',', 'dados', 'divulgados', 'anfavea']"
379,06-09-2017 18:25:14,"['infla√ß√£o', 'baixa', ',', 'redu√ß√£o', 'juros', 'estabilidade', 'economia', 'abriram', 'espa√ßo', 'fam√≠lias', 'consumirem']"
380,06-09-2017 18:24:46,"['queda', 'pre√ßos', 'alimenta√ß√£o', 'bebidas', ',', 'seguida', '.', 'ca√≠ram', 'pre√ßos', 'produtos', 'feij√£o', ',', 'tomate', ',', 'a√ß√∫car', 'leite']"
381,06-09-2017 18:24:30,"['boas', 'not√≠cias', 'economia', ':', 'infla√ß√£o', 'medida', 'ipca', ',', 'ibge', ',', 'caiu', '.', 'acumulado', 'ano', '1994']"
382,05-09-2017 18:10:43,"['aconteceu', 'brasil', 'rio', '√∫ltimos', 'anos', 'mostra', 'import√¢ncia', 'equil√≠brio', 'contas', 'p√∫blicas']"
383,05-09-2017 18:08:54,"['programa', 'rj', 'exige', 'esfor√ßo', 'supervisionado', 'fiscal', ',', 'seguindo', 'normas', 'aprovadas', 'lei']"
384,05-09-2017 18:08:04,"['4', 'pilares', ':', 'aumento', 'receita', ',', 'diminui√ß√£o', 'despesas', ',', 'morat√≥ria', 'tempor√°ria', 'd√≠vidas', 'uni√£o', 'empr√©stimos', 'garantias']"
385,05-09-2017 18:07:17,"['plano', 'garante', 'rj', 'atinja', 'equil√≠brio', ',', 'pagamento', 'sal√°rio', 'contas', ',', 'conjugado', 'recupera√ß√£o', 'economia', 'receita', 'pr√≥ximos', 'anos']"
386,05-09-2017 18:06:06,"['cerca', '30', 'dias', ',', 'rj', 'contar', 'recursos', 'liquidar', 'contas', 'atraso', ',', 'incluindo', 'sal√°rio', 'pens√µes']"
387,05-09-2017 18:05:42,"['anunciamos', 'hoje', 'assinatura', 'plano', 'recupera√ß√£o', 'fiscal', 'rj', ',', 'homologado', 'presid√™ncia']"
388,05-09-2017 14:12:56,"['reduzindo', 'desemprego', 'criando', 'vagas', 'trabalho', '.', 'recupera√ß√£o', '+', 'forte', 'implementa√ß√£o', 'agenda', 'reformas']"
389,05-09-2017 14:12:07,"['retomada', 'crescimento', 'fruto', 'trabalho', 's√©rio', 'tirou', 'brasil', 'recess√£o', 'hist√≥ria', 'garantiu', 'queda', 'infla√ß√£o']"
390,05-09-2017 14:11:19,"['crescimento', 'disseminado', '4', 'categorias', 'econ√¥micas', 'ind√∫stria', ',', 'mostrando', 'recupera√ß√£o', 'setor', 'sustent√°vel']"
391,05-09-2017 14:10:47,"['√≠ndice', '0,8', '%', 'crescimento', 'junho', 'ficou', 'acima', 'esperado', ',', 'mostrando', 'trajet√≥ria', 'forte', 'recupera√ß√£o', 'ind√∫stria']"
392,05-09-2017 14:10:34,"['dados', 'produ√ß√£o', 'industrial', 'mensal', 'ibge', 'mostram', 'julho', 'consecutivo', 'crescimento', 'ind√∫stria']"
393,01-09-2017 20:43:32,"['dados', 'ibge', 'mostram', 'brasil', 'saindo', 'pior', 'recess√£o', 'hist√≥ria', '.', 'certo', ',', 'importante', 'https://t.co/ojr9kslnnq']"
394,31-08-2017 21:04:09,"['precisamos', 'seguir', 'medidas', 'econ√¥micas', 'agenda', 'reformas', 'brasil', 'possa', 'crescer', ',', 'empregos', 'sendo', 'gerados']"
395,31-08-2017 21:03:52,"['infla√ß√£o', '12', 'caiu', '8,74', '%', 'julho', '/', '2016', '2,71', '%', 'julho', '/', '2017', ',', 'beneficia', 'diretamente', 'renda', 'trabalhadores']"
396,31-08-2017 21:03:34,"['maio', 'julho', ',', 'desempregados', 'caiu', '721', '.', 'cria√ß√£o', 'vagas', 'setores', 'ind√∫stria', ',', 'com√©rcio', 'alimenta√ß√£o']"
397,31-08-2017 21:03:13,"['melhora', 'emprego', 'costuma', 'aparecer', 'defasagem', 'recupera√ß√£o', 'economia', ',', 'vendo']"
398,31-08-2017 21:02:58,"['dados', 'ibge', 'confirmam', 'desemprego', 'caindo', ',', 'recess√£o', 'hist√≥ria', ',', '2014', 'causou', 'perda', 'vagas']"
399,25-08-2017 19:43:26,"['@wtodgazevedo', 'seguiremos', 'dialogando', 'brasil', 'aumentar', 'integra√ß√£o', 'economia', 'mundial', ',', 'ampliar√°', 'produtividade', 'acesso', 'mercados']"
400,25-08-2017 19:41:15,"['diretor', 'omc', ',', '@wtodgazevedo', ',', 'discutimos', 'evolu√ß√£o', 'com√©rcio', 'mundial', 'economia', 'brasileira', '#omc', 'https://t.co/m18on9bau5']"
401,23-08-2017 18:01:20,"['tlp', 'ajudar', 'reduzir', 'taxas', 'juros', ',', 'aumentando', 'efici√™ncia', 'pol√≠tica', 'monet√°ria', 'controle', 'infla√ß√£o']"
402,23-08-2017 18:00:47,"['tlp', ',', 'subs√≠dios', 'cr√©dito', 'passam', 'constar', 'or√ßamento', ',', 'transpar√™ncia', 'equidade', 'defini√ß√£o', 'pol√≠ticas', 'p√∫blicas']"
403,23-08-2017 18:00:18,"['tlp', 'diminuir', 'custo', 'cr√©dito', 'devedores', 'bndes']"
404,23-08-2017 17:59:40,"['taxa', 'usada', 'refer√™ncia', 'custo', 'capta√ß√£o', 'contratos', 'firmados', 'bndes']"
405,23-08-2017 17:59:09,"['aprova√ß√£o', 'comiss√£o', 'mista', 'mp', '777', ',', 'cria', 'taxa', 'juros', 'bndes', ',', 'passo', 'relevante', 'moderniza√ß√£o', 'economia', 'brasileira']"
406,22-08-2017 12:08:17,"['falei', '@folha', 'agenda', 'reformas', 'economia', ':', 'https://t.co/bdzfgak0rl']"
407,18-08-2017 18:23:04,"['economia', 'brasil', 'reagindo', 'pa√≠s', 'voltar√°', 'crescer', 'sustent√°vel']"
408,18-08-2017 18:22:03,"['anos', 'viv√≠amos', 'recess√£o', 'infla√ß√£o', 'juros', 'altos', '.', 'hoje', 'infla√ß√£o', 'juros', 'queda', 'recess√£o', 'ficou', 'tr√°s']"
409,18-08-2017 18:21:28,"['semana', 'vimos', 'setor', 'servi√ßos', 'junho', 'mostraram', 'melhor', 'desempenho', '2012']"
410,18-08-2017 18:19:53,"['sinal', 'positivo', '2014', 'queda', 'desigualdade', 'renda', 'ricos', 'pobres']"
411,18-08-2017 18:19:33,"['c√°lculos', 'fgv', 'social', 'mostraram', 'piorar', 'anos', 'seguidos', ',', 'disparidade', 'renda', 'per', 'capita', 'domiciliar', 'registrou', 'melhora']"
412,18-08-2017 18:19:02,"['infla√ß√£o', 'cria√ß√£o', 'vagas', 'empregos', '4', 'seguidos', 'produzem', 'efeito', 'favor√°vel', 'queda', 'desigualdade']"
413,09-08-2017 21:15:57,"['dados', 'confirmam', 'brasil', 'certo', 'medidas', 'corretas', 'trazem', 'resultados', 'concretos']"
414,09-08-2017 21:15:34,"['hora', 'consolidar', 'conquistado', 'garantir', 'condi√ß√µes', 'sustentabilidade', 'crescimento', 'longo', 'prazo']"
415,09-08-2017 21:15:14,"['sinais', 'recupera√ß√£o', 'economia', 'pa√≠s', ',', 'viveu', 'pior', 'recess√£o', 'econ√¥mica', 'hist√≥ria']"
416,09-08-2017 21:14:45,"['resultados', 'positivos', 'hoje', 'gera√ß√£o', 'empregos', ',', 'cria√ß√£o', 'vagas', 'formais', 'pa√≠s', 'consecutivo']"
417,09-08-2017 21:14:34,"['dados', 'hoje', 'ipca', 'mostram', 'infla√ß√£o', '√∫ltimos', '12', '1999']"
418,04-08-2017 12:31:06,"['feito', 'garantir', 'crescimento', 'longo', 'prazo', ',', 'gera√ß√£o', 'emprego', 'melhoria', 'renda', 'brasileiros']"
419,04-08-2017 12:30:22,"['cadastro', 'positivo', ',', ',', 'aumentar', 'cr√©dito', 'baratear', 'custo', 'empr√©stimos']"
420,04-08-2017 12:29:37,"['lei', 'recupera√ß√£o', 'judicial', 'ajudar', 'empresas', 'dificuldade', 'voltarem', 'produzir', 'contratar']"
421,04-08-2017 12:27:35,"['agenda', 'crescimento', 'pa√≠s', ',', 'diminuindo', 'burocracia', 'melhorando', 'condi√ß√µes', 'produ√ß√£o']"
422,04-08-2017 12:27:03,"['concluindo', 'medidas', 'voltadas', 'melhoria', 'competitividade', 'economia', 'brasileira']"
423,04-08-2017 12:26:27,"['vamos', 'seguir', 'trajet√≥ria', 'reformas', 'ir√£o', 'garantir', 'crescimento', 'forte', 'sustent√°vel', 'brasil']"
424,01-08-2017 16:31:00,"['equipe', 'econ√¥mica', 'di√°logo', 'parlamentares', 'comiss√£o', 'especial', 'avalia', ',', 'congresso', ',', 'taxa', 'juros', 'bndes', '.']"
425,01-08-2017 16:30:35,"['renegocia√ß√£o', 'd√≠vidas', 'ajudar√°', 'empresas', ',', 'voltar√£o', 'produzir', ',', 'contratar', 'trabalhadores', 'fortalecer', 'crescimento', 'pa√≠s', '.']"
426,01-08-2017 16:29:24,"['condi√ß√µes', 'programa', 'renegocia√ß√£o', 'd√©bitos', 'receita', 'boas', 'empresas', 'aderir', 'aproveitarem', 'regras', 'fixadas']"
427,01-08-2017 16:29:08,"['destaquei', 'import√¢ncia', 'mantermos', 'acordado', 'programa', 'renegociar√£o', 'd√≠vidas', 'tribut√°rias', '.']"
428,01-08-2017 16:28:49,"['discutimos', 'projetos', 'interesse', 'equipe', 'econ√¥mica', 'congresso', 'fundamentais', 'continuarmos', 'crescendo', 'gerando', 'emprego']"
429,01-08-2017 16:28:33,"['conversa', 'produtiva', 'hoje', 'presidente', 'c√¢mara', ',', 'rodrigo', 'maia', ';', 'presidente', 'senado', ',', 'eun√≠cio', 'oliveira', ';', 'l√≠deres', 'base', 'aliada', '.']"
430,31-07-2017 21:30:11,"['implementando', 'iniciativas', 'trocas', 'autom√°ticas', 'informa√ß√£o', 'fins', 'tribut√°rios', 'pretendemos', 'ampliar', 'esfor√ßos']"
431,31-07-2017 21:29:27,"['vamos', 'trabalhar', 'crescimento', 'finan√ßas', 'verdes', 'brasil', ',', 'direciona', 'recursos', 'financeiros', 'investimentos', 'sustent√°veis']"
432,31-07-2017 21:29:08,"['brasil', 'reino', 'unido', 'compartilhar√£o', 'melhores', 'pr√°ticas', 'identificar', 'barreiras', '.', 'queremos', 'atrair', 'iniciativa', 'privada', 'p', '/', 'projetos', 'longo', 'prazo']"
433,31-07-2017 21:28:54,"['discuti', 'ministro', 'finan√ßas', 'reino', 'unido', '@philipphammonduk', 'fortalecer', 'participa√ß√£o', 'privada', 'financiamento', 'infraestrutura']"
434,31-07-2017 16:45:24,"['recebo', '@philiphammonduk', 'di√°logo', 'econ√¥mico', 'financeiro', 'brasil-uk', '#ukbrazilefd', 'https://t.co/da11sgojn6']"
435,28-07-2017 18:02:35,"['din√¢mica', 'ajudar√°', 'retomada', 'consumo', 'fam√≠lias', ',', 'investimento', 'contrata√ß√µes', 'empresas']"
436,28-07-2017 18:01:30,"['dados', 'mostram', 'melhora', 'sal√°rios', 'junho', '2016', '.', 'ganhos', 'acima', 'infla√ß√£o', 'trazem', 'expans√£o', 'renda', 'fam√≠lias']"
437,28-07-2017 18:00:48,"['cria√ß√£o', 'vagas', 'trabalho', 'intensificar', 'longo', 'semestre', ',', 'retomada', 'atividade', 'econ√¥mica', 'confian√ßa']"
438,28-07-2017 18:00:29,"['dados', 'ibge', 'mostram', 'desemprego', 'recuou', 'seguido', 'junho', ',', 'efeito', 'pol√≠tica', 'econ√¥mica', 'mercado', 'trabalho']"
439,21-07-2017 12:58:28,"['assino', 'ato', 'moderniza', 'acordo', 'brasil', 'argentina', 'evitar', 'dupla', 'tributa√ß√£o', 'prevenir', 'evas√£o', 'fiscal']"
440,21-07-2017 12:57:56,"['concluir', 'acordo', 'uni√£o', 'europeia', 'prioridades', 'mercosul', '2o', 'semestre', ',', 'aumentando', 'acesso', 'brasil', 'mercados']"
441,21-07-2017 12:56:41,"['ministros', 'economia', 'concordam', 'mercosul', 'abrir', 'fluxos', 'com√©rcio', 'exterior', 'tornar', '+', 'produtivo', 'crescer']"
442,21-07-2017 12:56:22,"['participo', 'hoje', 'c√∫pula', 'mercosul', ',', 'mendoza', ',', 'argentina', '.', 'brasil', 'assume', 'presid√™ncia', 'bloco', 'pr√≥ximos', '6']"
443,19-07-2017 12:26:12,"['sal√°rio', 'admiss√£o', 'registrou', 'ganho', 'metade', 'ano', '.', 'pago', 'contratados', 'ficou', '3,5', '%', 'acima', 'infla√ßao']"
444,19-07-2017 12:25:44,"['contrata√ß√µes', 'superaram', 'demiss√µes', '4', '6', 'primeiros', 'ano', ',', 'garantiu', 'saldo', 'semestral', 'positivo', '2014']"
445,19-07-2017 12:25:09,"['junho', 'seguido', 'gera√ß√£o', 'empregos', 'pa√≠s']"
446,19-07-2017 12:24:42,"['mercado', 'trabalho', 'brasil', 'mostrou', 'sinal', 'claro', 'recupera√ß√£o', 'semestre']"
447,18-07-2017 16:38:58,"['apesar', 'estarmos', 'enfrentando', 'efeitos', 'recess√£o', 'hist√≥ria', ',', 'processo', 'recupera√ß√£o', 'atividade', 'econ√¥mica', 'come√ßou']"
448,18-07-2017 16:37:31,"['taxa', 'crescimento', 'vendas', 've√≠culos', 'junho', 'repetir', 'longo', 'ano', ',', 'avan√ßo', 'acumulado', 'per√≠odo', '39', '%']"
449,18-07-2017 16:37:06,"['junho', ',', 'venda', 've√≠culos', 'pa√≠s', 'registrou', 'aumento', '2,8', '%', ',', 'dados', 'fenabrave', ',', 'entidade', 'representa', 'concession√°rias']"
450,18-07-2017 16:36:16,"['s√©rie', 'indicadores', 'econ√¥micos', 'demonstram', 'sa√≠da', 'recess√£o', 'in√≠cio', 'crescimento', '.', 'desempenho', 'mercado', 've√≠culos']"
451,14-07-2017 19:00:31,"['falo', 'vivo', 'perspectivas', 'econ√¥micas', 'painel', 'organizado', '@fgvdapp', '@epge_fgv', '.', 'acompanhar', ':', 'https://t.co/z9v3qosuty']"
452,13-07-2017 14:22:18,"['brasil', 'saindo', 'recess√£o', ',', 'infla√ß√£o', 'caiu', ',', ',', 'regras', 'trabalhistas', ',', 'damos', 'passo', 'gerar', 'empregos']"
453,13-07-2017 14:21:59,"['moderniza√ß√£o', 'leis', 'trabalhistas', 'mostra', 'certo', 'retomada', 'crescimento', 'brasil']"
454,13-07-2017 14:21:41,"['engessado', ',', 'mercado', 'trabalho', 'permitir', 'pa√≠s', 'produzir', 'melhor', ',', 'maiores', 'chances', 'cria√ß√£o', 'empregos']"
455,13-07-2017 14:21:24,"['rela√ß√µes', 'trabalho', 'garantir√°', 'produtividade', 'criar√°', 'maiores', 'oportunidades', 'emprego']"
456,13-07-2017 14:21:09,"['governo', 'sanciona', 'hoje', 'reforma', 'trabalhista', ',', 'brasil', 'legisla√ß√£o', 'moderna', 'atual', 'rela√ß√µes', 'trabalho']"
457,11-07-2017 19:44:12,"['regime', 'recupera√ß√£o', 'fiscal', 'abre', 'retomada', 'econ√¥mica', 'rio', 'janeiro']"
458,11-07-2017 19:43:54,"['regime', 'fiscal', ',', 'troca', 'contrapartidas', ',', 'suspende', 'pagamento', 'd√≠vida', 'uni√£o', '3', 'anos']"
459,11-07-2017 19:43:28,"['trabalhamos', 'rio', 'possa', 'aderir', 'regime', 'recupera√ß√£o', 'fiscal', '(', 'rrf', ')', 'ganhe', 'instrumentos', 'reequilibrar', 'contas']"
460,11-07-2017 19:43:03,"['recebo', 'governador', 'rio', '@lfpzao', 'discutir', 'plano', 'recupera√ß√£o', 'fiscal', '.', ',', 're√∫no', 'bancada', 'fluminense']"
461,08-07-2017 15:06:51,"['estrat√©gia', 'cria√ß√£o', 'empregos', 'exige', 'pol√≠ticas', 'justas', 'eficazes', '.', 'di√°logo', '-', 'governo', ',', 'trabalhadores', ',', 'empregadores', '-', 'fundamental']"
462,08-07-2017 15:06:18,"['benef√≠cios', 'digitaliza√ß√£o', 'restringir', 'pequena', 'fra√ß√£o', 'sociedade', '.', 'necess√°rio', 'promover', 'igualdade', 'oportunidades']"
463,08-07-2017 15:05:38,"['ressaltamos', 'l√≠deres', 'g20', 'revolu√ß√£o', 'digital', 'servi√ßo', 'desenvolvimento', 'pessoas']"
464,08-07-2017 15:05:07,"['durante', '√∫ltima', 'sess√£o', 'trabalho', 'g20', ',', 'discutimos', 'criar', 'condi√ß√µes', 'adapta√ß√£o', 'desafios', 'revolu√ß√£o', 'digital']"
465,07-07-2017 12:05:47,"['tratamos', ',', '#brics', '#g20', ',', 'abertura', 'com√©rcio', 'internacional', 'pa√≠ses', 'emergentes', 'brasil', 'gerarem', '+', 'empregos', 'https://t.co/sgldhtfk91']"
466,06-07-2017 17:40:23,"['brasil', 'defender√°', 'durante', 'reuni√£o', 'g20', 'livre', 'com√©rcio', 'multilateralismo']"
467,06-07-2017 17:39:51,"['agenda', 'reformas', 'brasileira', 'linha', 'medidas', 'defendidas', 'g20', 'ocde']"
468,06-07-2017 17:39:17,"['reformas', 'estruturais', 'aumentar', 'taxas', 'crescimento', 'econ√¥mico', 'centro', 'agenda', 'g20']"
469,06-07-2017 17:38:45,"['mostraremos', 'l√≠deres', 'g20', 'reformas', 'estruturais', 'adotadas', 'criar', 'condi√ß√µes', 'crescimento', 'sustentado', 'economia', 'emprego']"
470,06-07-2017 17:37:01,"['come√ßa', 'amanh√£', 'hamburgo', ',', 'alemanha', ',', 'c√∫pula', 'g20', ',', 'participa√ß√£o', 'brasil']"
471,05-07-2017 18:46:38,"['recupera√ß√£o', 'judicial', 'r√°pida', 'segura', 'permite', 'empresas', 'voltem', 'operar', 'preservem', 'empregos', 'funcion√°rios', 'fornecedores']"
472,05-07-2017 18:46:21,"['objetivo', 'mudan√ßas', 'lei', 'recupera√ß√£o', 'judicial', 'facilitar', 'processo', 'retomada', 'atividade', 'empresas', 'dificuldade']"
473,05-07-2017 18:45:58,"['minist√©rio', 'fazenda', 'concluindo', 'proposta', 'lei', 'recupera√ß√£o', 'judicial']"
474,04-07-2017 17:23:10,"['investimento', 'm√°quinas', 'equipamentos', 'representa', 'aposta', 'consumo', 'forte', 'm√©dio', 'longo', 'prazos', '.']"
475,04-07-2017 17:22:19,"['crescimento', 'bens', 'capital', ',', 'equipamentos', 'usados', 'produ√ß√£o', 'itens', 'consumo', ',', 'mostra', 'retomada', 'confian√ßa', 'crescimento', '.']"
476,04-07-2017 17:21:14,"['recupera√ß√£o', 'setor', 'bens', 'capital', 'maio', 'mostra', 'pa√≠s', 'voltando', 'investir', 'amplia√ß√£o', 'capacidade', 'produtiva', '.']"
477,29-06-2017 14:29:10,"['infla√ß√£o', 'assegura', 'compra', 'brasileiros', '.']"
478,29-06-2017 14:28:25,"['metas', 'indicam', 'compromisso', 'pa√≠s', 'trabalhar', 'infla√ß√£o', 'continue', 'cair', 'futuro', '.']"
479,29-06-2017 14:27:54,"['metas', 'baixas', 'indicam', 'in√≠cio', 'processo', 'converg√™ncia', 'infla√ß√£o', 'patamares', 'internacionais', '.']"
480,29-06-2017 14:27:23,"['atual', 'meta', 'infla√ß√£o', '4,5', '%', 'baixar√°', '4,25', '%', '2019', '4', '%', '2020', '.']"
481,26-06-2017 20:02:20,"['diferencia√ß√£o', 'pre√ßos', 'aumenta', 'transpar√™ncia', 'competitividade', '.']"
482,26-06-2017 20:01:58,"['lojistas', 'passam', 'negocia√ß√£o', 'reduzir', 'custos', 'uso', 'cart√£o', 'diferen√ßa', 'pre√ßos']"
483,26-06-2017 20:01:28,"['consumidor', 'ganha', 'for√ßa', 'negociar', 'descontos', ',', 'est√≠mulo', 'pre√ßos', 'menores', 'acordo', 'pagamento', ':', 'dinheiro', ',', 'cheque', 'cart√£o']"
484,26-06-2017 20:00:02,"['sancionada', 'hoje', 'lei', 'permitir', 'pre√ßos', 'menores', 'compras', 'vista']"
485,23-06-2017 17:19:06,"['especialistas', 'concordam', 'queda', 'infla√ß√£o', 'aumenta', 'compra', 'brasileiros', '.']"
486,23-06-2017 17:18:28,"['pre√ßo', 'm√©dio', 'alimentos', 'caiu', '0,47', '%', '.', 'muitas', 'pessoas', 'relatam', 'gastando', 'supermercado', '.']"
487,23-06-2017 17:17:49,"['infla√ß√£o', '12', 'medida', 'dia', '15', 'junho', '3,52', '%', ',', 'junho', '2007', '.']"
488,22-06-2017 17:44:07,"['banco', 'demonstrou', 'interesse', 'investir', 'projetos', 'longo', 'prazo', 'brasil', ',', '√°reas', 'infraestrutura', ',', 'energia', ',', 'portos', 'estradas', '.']"
489,22-06-2017 17:43:45,"['icbc', 'financia', 'investimentos', '50', 'empresas', 'chinesas', 'brasil', 'linhas', 'cr√©dito', 'petrobras', 'vale', '.']"
490,22-06-2017 17:40:45,"['recebi', 'semana', 'representantes', 'banco', 'industrial', 'comercial', 'china', '(', 'icbc', ')', ',', 'mundo', 'ativos', '.']"
491,21-06-2017 18:52:57,"['aplica√ß√£o', 'medida', 'melhorar', 'brasil', 'classifica√ß√£o', 'global', 'banco', 'mundial', 'facilidade', 'produzir', 'pa√≠s']"
492,21-06-2017 18:52:42,"['registro', 'nacional', 'centralizado', 'desses', 'ativos', ',', 'duplicatas', ',', 'seguran√ßa', 'opera√ß√µes', 'reduzir', 'juros', 'empr√©stimos']"
493,21-06-2017 18:52:25,"['mp', 'permitir√°', 'controle', 'registro', 'ativos', 'usados', 'garantia', 'concess√£o', 'cr√©dito', 'bancos']"
494,21-06-2017 18:52:07,"['congresso', 'analisa', 'mp', '(', '775', ')', 'editada', 'governo', 'abre', 'espa√ßo', 'diminui√ß√£o', 'custo', 'cr√©dito', 'pequenas', 'm√©dias', 'empresas']"
495,20-06-2017 20:17:16,"['expectativa', 'reforma', 'trabalhista', 'continua', 'aprova√ß√£o', 'senado', '.', 'https://t.co/cpn59oarhq']"
496,20-06-2017 19:30:08,"['importante', 'rumo', 'certo']"
497,20-06-2017 19:29:56,"['retomada', 'crescimento', ',', 'economia', 'demanda', 'algum', 'atingir', 'emprego', 'desejamos']"
498,20-06-2017 19:29:40,"['resultado', 'caged', 'mostra', 'cria√ß√£o', '34.253', 'vagas', 'maio', '.', 'confirma', 'previs√µes', 'recupera√ß√£o', 'gradual', 'emprego']"
499,20-06-2017 16:34:15,"['economias', ',', 'empresas', 'levam', 'algum', 'voltarem', 'contratar', 'trabalhadores', 'reduzir', 'taxa', 'desemprego']"
500,20-06-2017 16:33:57,"['existem', 'sinais', 'recupera√ß√£o', 'agricultura', ',', 'ind√∫stria', ',', 'varejo', 'servi√ßos', ',', 'marcam', 'in√≠cio', 'trajet√≥ria', 'crescimento']"
501,20-06-2017 16:33:44,"['brasil', 'saindo', 'pior', 'recess√£o', 'hist√≥ria', ',', 'atividade', 'emprego', 'seguem', 'abaixo', 'n√≠veis', 'pr√©-crise']"
502,19-06-2017 18:44:08,"['essencial', 'atrair', 'capital', 'privado', 'aumentar', 'investimentos', 'infraestrutura', '.', 'bndes', 'continuar√°', 'papel', 'relevante', 'financiamento']"
503,19-06-2017 18:43:46,"['governo', 'prev√™', 'leil√µes', 'explora√ß√£o', 'petr√≥leo', '2017', ',', '2018', '2019', '.', 'haver√°', 'previsibilidade', 'investidores']"
504,19-06-2017 18:43:23,"['excelentes', 'oportunidades', 'investimento', 'energia', ',', 'petr√≥leo', ',', 'rodovias', 'ferrovias', ',', 'regras', 'claras', 'investidores']"
505,19-06-2017 18:42:54,"['avan√ßando', 'defini√ß√£o', 'regras', 'concess√µes', 'privatiza√ß√µes']"
506,16-06-2017 14:03:12,"['√≠ndice', 'bc', 'mostra', 'recupera√ß√£o', 'economia', 'registrada', 'in√≠cio', 'ano', 'continua', 'abertura', '2¬∫', 'trimestre']"
507,16-06-2017 14:02:27,"['avan√ßo', '0,28', '%', 'indicador', 'atividade', 'econ√¥mica', 'bc', 'abril', 'confirma', 'expectativas']"
508,14-06-2017 14:22:00,"['transporte', 'destaque', 'avan√ßo', '1', '%', 'setor', 'servi√ßos', 'abril', 'frente', 'mar√ßo', ',', 'melhor', '2013', '.']"
509,14-06-2017 14:21:39,"['servi√ßos', '√∫nico', 'componente', 'negativo', 'pib', '1¬∫', 'trimestre', '.', 'resultado', 'abril', 'mostra', 'rea√ß√£o', 'setor', '.']"
510,14-06-2017 14:21:22,"['avan√ßo', 'setor', 'servi√ßos', 'abril', 'sinal', 'recupera√ß√£o', 'economia', '.']"
511,13-06-2017 16:55:35,"['comparado', 'abril', '2016', ',', 'vendas', 'varejo', 'subiram', '1,9', '%', ',', '2', 'anos', 'taxas', 'negativas', '.']"
512,13-06-2017 16:53:55,"['destaque', 'supermercados', 'produtos', 'aliment√≠cios', ',', 'cresceram', 'longo', 'per√≠odo', 'queda', '.']"
513,13-06-2017 16:53:24,"['vendas', 'com√©rcio', 'cresceram', '1', '%', 'abril', ',', 'esperavam', 'analistas', '.']"
514,13-06-2017 11:06:45,"['efeitos', 'recess√£o', 'forte', '√∫ltimos', 'anos', 'desaparecem', 'dia', 'noite', '.']"
515,13-06-2017 11:06:15,"['levar', 'conta', 'saindo', 'recess√£o', 'hist√≥ria', ',', 'deixou', '14', 'milh√µes', 'brasileiros', 'emprego', '.']"
516,13-06-2017 11:05:40,"['agosto', 'taxa', 'come√ßar', 'cair', '.']"
517,13-06-2017 11:05:15,"['anos', ',', 'abril', 'desemprego', 'parou', 'subir', '.']"
518,12-06-2017 17:28:39,"['previs√µes', 'econ√¥micas', 'aumento', 'emprego', 'durante', 'ano', ',', 'retomada', 'investimentos', 'manuten√ß√£o', 'gastos', 'sociais', 'governo', '.']"
519,12-06-2017 17:27:34,"['hora', 'garantir', 'condi√ß√µes', 'investimento', ',', 'trar√°', 'emprego', 'oportunidades', '.', 'comprometido', '.']"
520,12-06-2017 17:27:07,"['mostramos', 'medidas', 'adotadas', 'ano', 'garantiram', 'recess√£o', ',', 'queda', 'infla√ß√£o', 'juros', '-', 'preserva', 'renda', 'brasileiros']"
521,12-06-2017 17:25:06,"['participei', 'hoje', 'confer√™ncia', 'investidores', 'internacionais.fiz', 'an√°lise', 'situa√ß√£o', 'atual', 'perspectivas', 'economia', 'brasileira', '.']"
522,09-06-2017 16:26:17,"['agenda', 'reformas', 'reduziu', 'infla√ß√£o', 'garante', 'retomada', 'compra', 'brasileiros', '.']"
523,09-06-2017 16:25:26,"[',', 'infla√ß√£o', '3,6', '%', ',', 'abaixo', 'meta', '.']"
524,09-06-2017 16:24:56,"['@ibgecomunica', 'divulgou', 'q', '#ipca', 'maio', 'variou', '0,31', '%', ',', '√≠ndice', '2007', '.']"
525,08-06-2017 14:09:02,"['hoje', ',', 'paris', ',', 'reuni√£o', 'produtiva', 'secret√°rio-geral', '#ocde', ',', '@a_gurria']"
526,08-06-2017 13:46:19,"['#ocde', 'prop√µe', 'agenda', 'reformas', '.']"
527,08-06-2017 13:45:52,"['brasil', 'linha', 'normas', 'modernas', 'gest√£o', 'administra√ß√£o', 'econ√¥mica', 'praticadas', '#ocde']"
528,08-06-2017 13:45:25,"['iniciamos', ',', 'formalmente', ',', 'processo', 'inclus√£o', 'brasil', '#ocde', ',', 'congrega', 'pa√≠ses', 'relevantes', 'mundo', '.']"
529,07-06-2017 18:01:38,"['https://t.co/p7wgyv7ryy', '#ocde']"
530,07-06-2017 17:54:07,"['entrada', '#ocde', 'agenda', 'reformas', '.']"
531,07-06-2017 17:53:54,"['candidatura', 'brasil', 'pa√≠s-membro', '#ocde', 'sendo', 'recebida', '.']"
532,07-06-2017 17:38:04,"['paris', ',', 'representando', 'brasil', 'reuni√£o', 'ministerial', '#ocde', '(', 'organiza√ß√£o', 'coopera√ß√£o', 'desenvolvimento', 'econ√¥mico', ')', '.']"
533,07-06-2017 17:37:35,"[',', 'nome', 'henrique', 'meirelles', 'perfil', 'twitter', '.', 'pretendo', 'espa√ßo', 'debater', 'rumos', 'brasil', '.']"
